year_month,DM1,DM2,DM3,DM4,DM5,EM1,EM2,EM3,JM3,JM4,MM1,MM13,MM14,MM15,MM16,MM17,MM19,MM2,MM3,MM4,MM5,MM6,MM7,MM8,NM1,NM2,NM3,NM5,NM6,NM8,PM1,PM11,PM2,PM3,PM4,PM6,PM7,PM8,PM9,SM1,SM10,SM11,SM12,SM13,SM17,SM18,SM19,SM2,SM20,SM3,SM4,SM5,SM6,SM7,SM9,TM2,TM3,TM4,TM5,TM6,TM7,TM8,VM1,VM12,VM14,VM15,VM2,VM4,VM5,VM6,VM7,VM8,WM1,WM2,WM3,WM4,ET1,ET2,NT1,PT2,PT3,PT4,ST1,ST3,TT1,VT10,VT11,VT12,VT2,VT3,VT4,VT8,WT1,WT3
2002-08-01,7.8,7.9,7.7,7.8,7.7,8,8,8.1,8.1,8,8,8.1,8,8,8,8.1,8.1,8.2,8.1,8.1,8.1,8,8.1,8.1,7.5,7.4,7.5,7.5,7.7,7.7,8.1,7.9,8.1,8.1,8,7.9,7.9,8,8,8.1,8.1,8.1,8.1,8,7.7,8.4,8.2,8.2,7.9,8,8,8.4,8.4,8.3,8.1,8.5,8.4,8.4,8.4,8.4,8.5,8.6,8.1,7.9,7.9,7.9,8.1,8,8,8,7.9,7.9,7.8,7.8,8,7.9,NA,NA,NA,NA,NA,NA,NA,NA,NA,NA,NA,NA,NA,NA,NA,NA,NA,NA
2002-09-01,7.6,7.7,7.6,7.5,7.3,8.1,8.1,8.1,8.2,8.1,8.8,8.5,8.5,8.4,8.4,8.4,8.5,8.6,8.6,8.6,8.6,8.2,8.6,8.5,8.2,8.2,8.1,8.1,8.2,8.2,8.5,8.5,8.5,8.5,8.5,8.4,8.5,8.5,8.5,8.1,7.9,8,8.1,8.1,8.1,8.1,8.1,8.1,8.1,8.1,8.1,8.1,8.1,8,7.9,8.3,8.4,8.5,8.3,8.4,8.4,8.3,8.3,8.2,8.3,8.3,8.4,8.4,8.4,8.3,8.4,8.3,8.4,8.1,8.2,8.3,NA,NA,NA,NA,NA,NA,NA,NA,NA,NA,NA,NA,NA,NA,NA,NA,NA,NA
2002-10-01,7.6,7.7,7.9,8.1,8.2,8.2,8.3,8.3,8.1,8.2,8.4,8.3,8.3,8.3,8.2,8.3,8.3,8.4,8.3,8.3,8.3,8.3,8.3,8.3,8,8.1,8.2,8.1,8.2,8.2,8.2,8.3,8.2,8.2,8.2,8.2,8.3,8.3,8.3,8.3,8.2,8.2,8.2,8.2,8.3,8.3,8.3,8.3,8.3,8.3,8.2,8.3,8.2,8.3,8.1,8.4,8.6,8.6,8.7,8.6,8.6,8.6,8,8,8,7.9,8,7.9,7.9,7.9,7.9,8,8,8.1,8,8,NA,NA,NA,NA,NA,NA,NA,NA,NA,NA,NA,NA,NA,NA,NA,NA,NA,NA
2002-11-01,7.3,7.4,7.7,7.8,7.9,7.9,7.9,7.9,7.8,7.9,8.3,8.2,8.2,8.2,8.2,8.2,8.3,8.3,8.3,8.2,8.2,8.2,8.2,8.2,8,8,8,8,8,8.1,8.3,8.3,8.2,8.3,8.2,8.2,8.3,8.3,8.3,8.1,8.2,8.2,8.2,8.3,8.3,8.1,8.1,8.1,8.3,8.1,8.1,8,8.1,8,8.2,8.3,8.4,8.4,8.3,8.4,8.3,8.3,8.2,8.2,8.2,8.2,8.2,8.2,8.2,8.2,8.1,8.2,8.2,8.2,8.2,8.2,NA,NA,NA,NA,NA,NA,NA,NA,NA,NA,NA,NA,NA,NA,NA,NA,NA,NA
2002-12-01,7.4,7.6,8,8.1,8.1,8.1,8.1,8.1,8,8.1,8.1,8.2,8.2,8.2,8.2,8.2,8.2,8.2,8.3,8.2,8.2,8.1,8.2,8.2,8,8.1,8,8,8,8.1,8.1,8.1,8.1,8.1,8.1,8,8.1,8.1,8.1,8.2,8.1,8.1,8.1,8.1,8.2,8.2,8.2,8.1,8.2,8.1,8.1,8.1,8.1,8.1,8.1,8.2,8.3,8.2,8.2,8.2,8.2,8.2,7.8,7.8,7.8,7.7,7.8,7.7,7.7,7.7,7.7,7.7,7.9,7.8,7.8,7.8,NA,NA,NA,NA,NA,NA,NA,NA,NA,NA,NA,NA,NA,NA,NA,NA,NA,NA
2003-01-01,7.7,7.9,8.1,8.1,8.1,7.9,7.9,7.9,7.9,7.9,8,8,8,8,8,8,8,8,8,8,8,7.9,8,8,8.1,8.2,8.2,8.2,8.3,8.3,8.1,8.1,8.1,8.1,8.1,8.1,8.1,8.1,8.1,8,8,7.9,8,8,7.9,8,8,8,8,8,8,8,8,8,7.9,8.2,8.1,8.1,8,8.1,8.1,8.1,8,7.8,7.8,7.9,8,8,8,7.9,7.9,8,7.9,7.9,7.9,7.9,NA,NA,NA,NA,NA,NA,NA,NA,NA,NA,NA,NA,NA,NA,NA,NA,NA,NA
2003-02-01,7.6,7.6,7.8,8,8,8.3,8.3,8.3,8.2,8.2,8.3,8.3,8.3,8.3,8.2,8.3,8.3,8.3,8.3,8.3,8.3,8.3,8.3,8.3,8.3,8.5,8.4,8.5,8.4,8.3,8.3,8.3,8.3,8.3,8.3,8.3,8.3,8.3,8.3,8.3,8.2,8.2,8.2,8.2,8.2,8.3,8.3,8.3,8.3,8.3,8.3,8.3,8.3,8.4,8.2,8.4,8.5,8.4,8.3,8.3,8.3,8.3,8.2,8.2,8.3,8.1,8.2,8.2,8.2,8.2,8.1,8.1,8.3,8.3,8.2,8.3,NA,NA,NA,NA,NA,NA,NA,NA,NA,NA,NA,NA,NA,NA,NA,NA,NA,NA
2003-03-01,7.4,8.4,7.6,8,8,8.1,8.1,8.1,8.1,8.1,8.5,8.4,8.3,8.4,8.3,8.4,8.4,8.4,8.5,8.4,8.4,8.4,8.4,8.4,8.3,8.3,8.3,8.3,8.4,8.4,8.3,8.4,8.3,8.3,8.3,8.3,8.4,8.4,8.4,8.4,8.3,8.3,8.3,8.3,8.3,8.4,8.4,8.3,8.4,8.3,8.3,8.4,8.4,8.3,8.3,8.3,8.5,8.5,8.4,8.4,8.4,8.4,8,8,8,8,8.1,8,8.1,8,8,8.1,8.1,8.1,8,8.1,NA,NA,NA,NA,NA,NA,NA,NA,NA,NA,NA,NA,NA,NA,NA,NA,NA,NA
2003-04-01,7.4,7.5,8,8,8.1,8,8.1,8.1,8,8.1,8.6,8,8,8.1,8.1,8.5,8,8.6,8.5,8.5,8.5,8.4,8.6,8.1,8,8,8,7.9,8,8.1,8.2,8.2,8.2,8.2,8.2,8.2,8.2,8.2,8.2,8.2,8.1,8.1,8.1,8.1,8.2,8.2,8.2,8.2,8.1,8.2,8.2,8.2,8.2,8.2,8.1,8.1,8.1,8.1,8.1,8.1,8.1,8.1,8,8,8,8,8,7.9,8,8,8,8.1,8.1,8,8,8,NA,NA,NA,NA,NA,NA,NA,NA,NA,NA,NA,NA,NA,NA,NA,NA,NA,NA
2003-05-01,7.8,7.7,8.2,8.3,8.2,8.2,8.2,8.3,8.2,8.2,8.4,8.1,8.1,8.1,8.1,8.2,8.1,8.2,8.2,8.2,8.2,8.1,8.2,8.1,7.9,8,8,8.1,8,8.1,8.1,8.1,8,8.1,8,8,8.1,8.1,8.1,8.1,8.2,8.4,8.1,8.2,8.1,8.3,8.3,8.2,8.2,8.1,8.1,8.3,8.3,8.2,8.2,8.1,8.3,8.3,8.2,8.2,8.2,8.2,8.1,8,8.1,8.1,8.1,8.1,8,8,8.1,8.1,8.1,8.1,8.1,8.1,NA,NA,NA,NA,NA,NA,NA,NA,NA,NA,NA,NA,NA,NA,NA,NA,NA,NA
2003-06-01,7.1,7.5,7.9,7.6,7.5,8.4,8.1,8.3,8.7,8.5,8.2,8.2,7.9,8.1,8.3,8.3,8.2,8.3,8.2,8.2,8.2,8.3,8.2,8.2,8.1,8,8,7.8,7.9,8,8.1,8.3,8.2,8.2,8.1,8.2,8.3,8.3,8.3,8.2,8.2,8.2,8.2,8.2,8.2,8.2,8.2,8.2,8.1,8.1,8.1,8.2,8.1,8.1,8,8.1,8.4,8.2,8.4,8.2,8.3,8.4,8.1,8.1,8.1,8,8.1,8,8,8,8.2,8.1,8.4,8.1,8.1,8.1,NA,NA,NA,NA,NA,NA,NA,NA,NA,NA,NA,NA,NA,NA,NA,NA,NA,NA
2003-07-01,7.4,7.6,7.9,8,8,8.3,8.4,8.4,8.3,8.4,8.3,8.3,8.3,8.2,8.4,8.2,8.4,8.3,8.4,8.3,8.3,8.3,8.4,8.3,8,8,8.1,8,8.1,8.2,8.3,8.2,8.3,8.3,8.3,8.3,8.3,8.3,8.4,8.3,8.2,8.2,8.2,8.3,8.4,8.4,8.4,8.2,8.3,8.2,8.2,8.4,8.2,8.1,8.2,8.3,8.2,8.4,8.3,8.3,8.3,8.3,8.3,8.3,8.2,8.3,8.3,8.3,8.3,8.3,8.3,8.3,8.3,8.3,8.3,8.3,NA,NA,NA,NA,NA,NA,NA,NA,NA,NA,NA,NA,NA,NA,NA,NA,NA,NA
2003-08-01,7.5,7.6,7.9,7.9,7.9,8.2,8.3,8.2,8.4,8.3,8.4,8.5,8.4,8.3,8.3,8.4,8.4,8.4,8.4,8.4,8.3,8.3,8.4,8.3,8,8,8,8,8,8.1,8.4,8.5,8.4,8.4,8.4,8.5,8.5,8.5,8.5,8.6,8.3,8.3,8.3,8.3,8.3,8.5,8.5,8.6,8.2,8.4,8.5,8.7,8.5,8.5,8.1,8.4,8.5,8.5,8.3,8.4,8.4,8.4,8.2,8.1,8.1,8.2,8.3,8.2,8.1,8.1,8.1,8.1,8.1,8.1,8.1,8.1,NA,NA,NA,NA,NA,NA,NA,NA,NA,NA,NA,NA,NA,NA,NA,NA,NA,NA
2003-09-01,7.6,7.7,7.9,7.8,7.4,8.1,8.1,8.2,8.1,8.1,8.6,8.3,8.2,8.1,8,8.1,8.2,8.3,8.2,8.2,8.2,8,8.3,8.2,7.8,8.1,8.1,8,8.1,8,8.4,8.4,8.4,8.4,8.1,8.2,8.3,8.4,8.2,8.4,8.4,8.5,8.4,8.5,8.2,8.5,8.5,8.4,8.4,8.3,8.4,8.5,8.5,8.4,8.2,8.2,8.6,8.5,8.7,8.5,8.7,8.6,8,8.1,8.1,7.8,8,8,8,7.9,8,8.1,8,8.1,8.1,8.1,NA,NA,NA,NA,NA,NA,NA,NA,NA,NA,NA,NA,NA,NA,NA,NA,NA,NA
2003-10-01,7.7,7.8,8,8.1,8.1,8.2,8.2,8.2,8.1,8.1,8.3,8.3,8.2,8.2,8.1,8.2,8.2,8.2,8.2,8.2,8.2,8,8.2,8.2,8.2,8.2,8.2,8.2,8.3,8.3,8.2,8.2,8.2,8.2,8.2,8.1,8.2,8.2,8.2,8.2,8.1,8.2,8.2,8.2,8.2,8.2,8.2,8.2,8.2,8,8.2,8.2,8.2,8.1,8.2,8.1,8.3,8.4,8.1,8.4,8.3,8.3,8,8.1,8.1,8.1,8,8,8,8.1,8,8.1,8.2,8.2,8.2,8.2,NA,NA,NA,NA,NA,NA,NA,NA,NA,NA,NA,NA,NA,NA,NA,NA,NA,NA
2003-11-01,7.9,8,8.1,8.3,8.2,8.2,8.2,8.2,8.1,8.2,8.2,8.2,8.2,8.2,8.2,8.2,8.2,8.2,8.2,8.2,8.2,8.1,8.2,8.1,8.1,8.1,8.1,8.1,8.1,8.2,8.2,8.2,8.2,8.2,8.2,8.1,8.1,8.2,8.2,8.2,8.1,8.1,8.1,8.1,8.2,8.2,8.2,8.2,8.2,8.1,8.2,8.2,8.2,8.1,8.1,8.2,8.3,8.3,8.1,8.3,8.2,8.2,8.1,8.1,8.1,7.9,8.1,8,8,8,8,8.1,8.2,8.2,8.2,8.2,NA,NA,NA,NA,NA,NA,NA,NA,NA,NA,NA,NA,NA,NA,NA,NA,NA,NA
2003-12-01,7.9,8,8.2,8.4,8.6,8.2,8.2,8.2,8.2,8.2,8.3,8.3,8.2,8.2,8.2,8.3,8.2,8.3,8.3,8.3,8.3,8.2,8.3,8.3,8.2,8.2,8.2,8.2,8.2,8.3,8.3,8.3,8.3,8.3,8.3,8.2,8.3,8.3,8.3,8.3,8.3,8.4,8.3,8.3,8.3,8.3,8.2,8.2,8.3,8.2,8.2,8.3,8.3,8.3,8.3,8.3,8.4,8.3,8.2,8.3,8.3,8.3,8.2,8.1,8.2,8.1,8.2,8.2,8.1,8.1,8.1,8.1,8.2,8.2,8.2,8.2,NA,NA,NA,NA,NA,NA,NA,NA,NA,NA,NA,NA,NA,NA,NA,NA,NA,NA
2004-01-01,8.3,8.7,8.9,8.7,8.6,8.3,8.3,8.3,8.2,8.2,8.4,8,8,8,8,8.3,8,8.3,8.3,8.3,8.3,8.1,8.3,8,8,8,8,8,8.1,8.1,8.3,8.2,8.3,8.3,8.2,8.2,8.3,8.2,8.3,8.3,8.2,8.3,8.3,8.3,8.2,8.3,8.3,8.3,8.3,8.2,8.2,8.3,8.3,8.3,8.1,7.6,8.4,8.3,8.3,8.3,8.3,8.3,8.2,8.2,8.2,8.2,8.2,8.2,8.2,8.2,8.1,8.1,8.3,8.2,8.2,8.3,NA,NA,NA,NA,NA,NA,NA,NA,NA,NA,NA,NA,NA,NA,NA,NA,NA,NA
2004-02-01,7.3,7.3,7.7,7.9,7.9,8.2,8.2,8.2,8,8.1,8.3,8.2,8.2,8.2,8.1,8.1,8.2,8.2,8.1,8.1,8.1,8.1,8.1,8.2,8,8,8,8,8.1,8.1,8.1,8.1,8.1,8.1,8.1,8,8.1,8.1,8.1,8.3,8.3,8.3,8.3,8.3,8.2,8.3,8.3,8.3,8.3,8.1,8.3,8.4,8.3,8.2,8.3,8.3,8.2,8.3,8.2,8.3,8.3,8.2,8,8,8,7.9,8,7.9,7.9,7.9,7.9,8,8,8,8,8,NA,NA,NA,NA,NA,NA,NA,NA,NA,NA,NA,NA,NA,NA,NA,NA,NA,NA
2004-03-01,7.6,7.7,8.1,8.2,8.2,8,8.1,8.1,8,8,8.3,8,8,7.9,7.8,8,8,8.1,8.1,8.2,8,8,8.2,8,7.9,8,8,7.9,7.9,8,8.1,8,8,8.1,8,8,8,8.1,8.1,8.2,8,8,8,8.1,8.2,8.1,8.2,8.2,8.1,8,8.1,8.1,8.1,8,8,8.2,8.1,8.1,8,8.1,8.1,8,7.9,7.9,8,7.9,8,8,7.9,7.9,7.9,8,8,8,8,8,NA,NA,NA,NA,NA,NA,NA,NA,NA,NA,NA,NA,NA,NA,NA,NA,NA,NA
2004-04-01,7.4,7.4,7.7,7.8,7.8,8.2,8.2,8.2,8.2,8.2,8.6,8.2,8.3,8.2,8.2,8.3,8.2,8.3,8.3,8.3,8.3,8.2,8.3,8.2,8.1,8.1,8.1,8,8.1,8.2,8.2,8.3,8.2,8.2,8.2,8.3,8.3,8.2,8.2,8.3,8.1,8.2,8.4,8.3,8.5,8.1,8.2,8.2,8.3,8.3,8.2,8.4,8,8.1,8.1,8.5,8.7,8.6,8.5,8.5,8.5,8.4,8.2,8.1,8.2,8.1,8.2,8.2,8.1,8.1,8.1,8.1,8.2,8.3,8.1,8.2,NA,NA,NA,NA,NA,NA,NA,NA,NA,NA,NA,NA,NA,NA,NA,NA,NA,NA
2004-05-01,7.4,7.4,7.7,7.8,7.9,8.1,8.1,8.2,8.1,8.2,8.2,8.1,8.2,8.2,8.1,8.2,8.2,8.2,8.2,8.2,8.2,7.9,8.2,8.2,8.3,8.3,8.3,8.2,8.4,8.4,8.1,8.1,8.1,8.1,8.1,8.1,8.1,8.1,8.1,8.1,8,8.1,8.2,8.2,8.2,8.1,8.1,8.1,8.2,8.1,8.1,8.1,8.1,8,8,8.4,8.5,8.4,8.3,8.3,8.2,8.2,7.9,8,8,7.9,8,8,8,8,7.9,8,8.1,8,8,8,NA,NA,NA,NA,NA,NA,NA,NA,NA,NA,NA,NA,NA,NA,NA,NA,NA,NA
2004-06-01,7.2,7.2,7.5,7.6,7.7,8.1,8.1,8.1,8,8.1,8.1,8.2,8.2,8.2,8.2,8.1,8.2,8,8.1,8.2,8.2,8,8.1,8.2,8,8,8.1,7.9,8.1,8.2,8.2,8.2,8.2,8.2,8.2,8.1,8.2,8.1,8.2,8.1,8.4,8.4,8.3,8.5,8.2,8.3,8.2,8.2,8.4,8.1,8.1,8.3,8.3,8.1,8.1,8.1,8.2,8.1,7.9,8,7.9,8,8.1,8.1,8.2,8,8,8,8,8,8.1,8.2,8.3,8.5,8.2,8.2,NA,NA,NA,NA,NA,NA,NA,NA,NA,NA,NA,NA,NA,NA,NA,NA,NA,NA
2004-07-01,7.7,7.8,8.1,8.2,8.3,8,8,8,8.1,8.1,8.4,8.3,8.3,8.2,8.2,8.2,8.4,8.3,8.3,8.2,8.2,8.2,8.3,8.4,7.9,7.9,7.9,7.9,8,8,8.1,8.3,8.1,8.1,8.1,8.1,8.1,8.2,8.1,8.2,8.6,8.4,8.5,8.5,8.3,8.2,8.1,8.1,8,8,8.1,8.1,8.1,7.9,8.3,8.1,8.2,8.1,8.1,8.2,8.2,8.2,7.9,8,8.1,7.9,7.9,7.9,7.9,7.9,8,8,8.1,8,8,8,NA,NA,NA,NA,NA,NA,NA,NA,NA,NA,NA,NA,NA,NA,NA,NA,NA,NA
2004-08-01,7.7,7.7,8.2,8.2,8.2,8,8.1,8.2,8,8,8.5,8.3,8.4,8.3,8.5,8.5,8.2,8.6,8.4,8.4,8.4,8.4,8.5,8.1,7.8,8,8,7.9,7.9,8.1,8.3,8.4,8.2,8.3,8.3,8.1,8.4,8.4,8.3,8.1,8.2,8.2,8.3,8.3,8.3,8.1,8.3,8.1,8.2,8,8,8.1,8.2,8,8.1,8.1,8.2,8.2,8.1,8.3,8.6,8.5,8,7.9,8.1,7.9,8,8,8,7.9,8,8,7.9,8,7.9,8,NA,NA,NA,NA,NA,NA,NA,NA,NA,NA,NA,NA,NA,NA,NA,NA,NA,NA
2004-09-01,7.8,7.9,8.2,8.3,8.3,8.2,8.3,8.5,8.3,8.3,8.2,8.4,8.4,8.4,8.4,8.4,8.3,8.5,8.7,8.4,8.5,8.4,8.4,8.4,8,8.1,8.1,7.9,8,8.2,8.5,8.4,8.5,8.5,8.5,8.5,8.5,8.4,8.4,8.3,8,7.9,7.9,8,8,8.4,8.3,8.3,7.9,8.2,8.2,8.3,8.3,8.1,7.8,8.4,8.5,8.5,8.4,8.5,8.5,8.5,8.3,8,8.1,8.1,8.2,8.2,8.1,8.1,8.3,8.1,8.4,8.2,8.1,8.1,NA,NA,NA,NA,NA,NA,NA,NA,NA,NA,NA,NA,NA,NA,NA,NA,NA,NA
2004-10-01,7.8,7.9,8.1,8.2,8.3,8.2,8.2,8.3,8.2,8.2,8.5,8.2,8.2,8.2,8.2,8.3,8.2,8.3,8.3,8.3,8.3,8.2,8.3,8.2,8.1,8.1,8.1,8.2,8.2,8.3,8.3,8.3,8.2,8.3,8.2,8.2,8.2,8.2,8.3,8.3,8.2,8.2,8.3,8.2,8.4,8.3,8.3,8.2,8.3,8.2,8.2,8.2,8.2,8.1,8.2,8.2,8.2,8.3,8.2,8.3,8.2,8.2,8,8,8.1,8,8,8,8,8.1,8,8.1,8.1,8.1,8.1,8.1,NA,NA,NA,NA,NA,NA,NA,NA,NA,NA,NA,NA,NA,NA,NA,NA,NA,NA
2004-11-01,7.9,7.9,7.9,8.1,8.2,8,8.1,8.2,8,8,8.4,8.2,8.2,8.2,8.2,8.1,8.2,8.2,8.2,8.2,8.2,8.1,8.2,8.2,8,8,8,7.9,8,8.1,8.1,8.1,8,8.1,8,8,8.1,8.1,8.1,8.1,8,8,8,8.1,8.1,8.2,8.1,8.1,8.1,8.1,8.1,8.2,8.1,8.1,8.1,8.1,8.2,8.2,8.1,8.1,8.1,8.1,8.1,8,8,8,8,8,8,8,8,8.1,8.1,8.1,8.1,8.1,NA,NA,NA,NA,NA,NA,NA,NA,NA,NA,NA,NA,NA,NA,NA,NA,NA,NA
2004-12-01,7.9,7.8,7.9,8,8.2,8.1,8.1,8.2,8.1,8.1,8.2,8.2,8.2,8.2,8.2,8.1,8.2,8.2,8.2,8.2,8.2,8.1,8.2,8.2,8.1,8.1,8.1,8.1,8.1,8.1,8.1,8.1,8.1,8.1,8.1,8.1,8.1,8.1,8.1,8.2,8,8,8.1,8.1,8.1,8.2,8.2,8.2,8.1,8.1,8.2,8.2,8.2,8.1,8,8.2,8.2,8.2,8.1,8.2,8.2,8.2,8.1,8,8,8,8.1,8.1,8,8,8,8,8,8,8,8,NA,NA,NA,NA,NA,NA,NA,NA,NA,NA,NA,NA,NA,NA,NA,NA,NA,NA
2005-01-01,7.8,8.2,8.1,8,8.1,8.2,8.2,8.3,8.2,8.1,8.2,8.3,8.2,8.2,8.2,8.2,8.1,8.3,8.3,8.3,8.3,8.2,8.3,8.2,8,8.1,8.1,8.1,8.2,8.2,8.3,8.3,8.3,8.3,8.3,8.2,8.3,8.2,8.3,8.3,8.4,8.4,8.4,8.4,8.3,8.2,8.3,8.2,8.4,8.2,8.2,8.3,8.2,8.3,8.2,7.5,7.5,7.5,7.5,7.5,7.5,8.2,8.1,8.1,8.1,8.1,8.1,8.1,8,8.1,8.1,8.1,8.3,8.2,8.1,8.2,NA,NA,NA,NA,NA,NA,NA,NA,NA,NA,NA,NA,NA,NA,NA,NA,NA,NA
2005-02-01,7.6,7.7,8,8.2,8.3,8,8,8,8,7.9,8,8.3,8.3,8.3,8.2,8.2,8.3,8.2,8.2,8.2,8.2,8.2,8.2,8.3,8.3,8.4,8.4,8.3,8.4,8.5,8,8,8,8,8,8,8,8,8,8.3,8.1,8.1,8.2,8.2,8.2,8.3,8.3,8.3,8.2,8.2,8.2,8.3,8.3,8.2,8.2,8.1,8.2,8.2,8.1,8.2,8.2,8.2,8.1,8.1,8.1,7.9,8,8,8,8,8.1,8.1,8.2,8.1,8.1,8.1,NA,NA,NA,NA,NA,NA,NA,NA,NA,NA,NA,NA,NA,NA,NA,NA,NA,NA
2005-03-01,7.6,7.7,8.1,8.2,8.3,8.3,8.3,8.3,8.3,8.3,8.3,8.3,8.2,8.3,8.2,8.2,8.2,8.3,8.3,8.3,8.2,8.1,8.3,8.3,8.1,8.1,8.1,8.1,8.2,8.2,8.2,8.2,8.2,8.2,8.3,8.2,8.2,8.2,8.2,8.1,8,8.1,8.1,8.1,8.1,8.1,8.1,8.1,8.1,8,8.1,8.1,8.1,8.1,8.1,7.9,8.2,8.2,8.3,8.2,8.2,8.2,8.2,8.1,8.1,8.1,8.2,8.2,8.2,8.2,8.2,8.2,8.3,8.3,8.2,8.2,NA,NA,NA,NA,NA,NA,NA,NA,NA,NA,NA,NA,NA,NA,NA,NA,NA,NA
2005-04-01,7.9,8,8.3,8.4,8.4,8.3,8.3,8.3,8.3,8.3,8.3,8.3,8.3,8.3,8.3,8.3,8.3,8.3,8.3,8.3,8.3,8.3,8.3,8.3,8.3,8.4,8.2,8.2,8.4,8.5,8.3,8.3,8.3,8.3,8.3,8.3,8.3,8.3,8.3,8.4,8.4,8.5,8.5,8.5,8.5,8.4,8.4,8.4,8.5,8.4,8.4,8.4,8.5,8.4,8.3,8.1,8.5,8.5,8.3,8.4,8.4,8.4,8.2,8.1,8.1,8.1,8.2,8.1,8.1,8.1,8.1,8.2,8.2,8.2,8.2,8.2,NA,NA,NA,NA,NA,NA,NA,NA,NA,NA,NA,NA,NA,NA,NA,NA,NA,NA
2005-05-01,7.2,7.4,7.5,7.5,7.6,8.1,8.2,8.2,8.2,8.2,8.2,8.4,8.4,8.4,8.4,8.3,8.3,8.3,8.3,8.3,8.3,8.2,8.3,8.4,8.1,8.1,8.1,8,8.1,8.1,8.3,8.3,8.3,8.3,8.2,8.1,8.3,8.3,8.3,8.4,8.5,8.3,8.4,8.4,8.3,8.3,8.3,8.3,8.4,8.2,8.3,8.3,8.4,8.4,8.3,8.3,8.3,8.3,8.2,8.3,8.3,8.3,8.1,8.1,8.1,8.1,8.1,8,8.1,8.1,8.1,8.2,8.1,8.2,8.1,8.1,NA,NA,NA,NA,NA,NA,NA,NA,NA,NA,NA,NA,NA,NA,NA,NA,NA,NA
2005-06-01,7.2,7.3,7.5,7.5,7.6,8.3,8.3,8.3,8.3,8.3,8.3,8.4,8.3,8.3,8.3,8.3,8.3,8.3,8.3,8.3,8.3,8.3,8.3,8.5,8.2,8.2,8.1,8.1,8.2,8.3,8.2,8.3,8.2,8.2,8.2,8.2,8.3,8.3,8.3,8.3,8,8.1,8,8,7.9,8.2,8.3,8.3,7.6,8.2,8.2,8.3,8.3,8.2,8,8.5,8.6,8.5,8.5,8.4,8.4,8.3,8.1,8.2,8.2,8.2,8.2,8.2,8.2,8.2,8.2,8.2,8.2,8.2,8.2,8.2,NA,NA,NA,NA,NA,NA,NA,NA,NA,NA,NA,NA,NA,NA,NA,NA,NA,NA
2005-07-01,8,7.8,8.2,9,8.7,8.4,8.3,8.6,8.6,8.6,8.9,8.6,8.7,8.7,8.6,8.8,8.7,8.8,8.8,8.8,8.8,8.6,8.8,8.7,8.2,8.1,8,8.1,7.9,8,8.6,8.5,8.5,8.6,8.6,8.6,8.6,8.6,8.5,8.5,8.7,8.7,8.7,8.7,8.6,8.6,8.5,8.4,8.4,8.4,8.5,8.7,8.5,8.4,8.4,8.8,8.7,8.8,8.7,8.8,8.8,8.8,8.2,8,8.3,8.1,8.2,8.2,8.2,8.2,8.2,8.2,8.3,8.2,8.1,8.1,NA,NA,NA,NA,NA,NA,NA,NA,NA,NA,NA,NA,NA,NA,NA,NA,NA,NA
2005-08-01,7.5,7.2,7.4,7.5,7.7,8.4,8.5,8.6,8.5,8.5,8.3,8.3,8.2,8.3,8.3,8,8.2,8.3,8.2,8.1,8.1,8.1,8.3,8.2,8.2,8.4,8.3,8.3,8.4,8.3,8.3,8.1,8.3,8.3,8.4,8.2,8.3,8.3,8.3,8.3,8.1,8.2,8.2,8.2,8.2,8.3,8.2,8.2,8.2,8.1,8.1,8.2,8.2,8.1,8.1,8.2,8.4,8.5,8.4,8.5,8.4,8.3,8.3,8.1,8.1,8.2,8.2,8.3,8.3,8.3,8.1,8.1,8,8.1,8.1,8.1,NA,NA,NA,NA,NA,NA,NA,NA,NA,NA,NA,NA,NA,NA,NA,NA,NA,NA
2005-09-01,7.1,7.3,7.5,7.6,7.6,7.9,8.1,8,8,8,8.5,8.5,8.5,8.5,8.4,8.5,8.5,8.5,8.5,8.5,8.5,8.4,8.5,8.5,7.8,7.9,7.9,7.8,7.9,7.9,8.1,8.1,8.2,8.2,8.1,8.1,8.2,8.1,8.1,7.8,7.9,7.9,7.9,8,8,7.8,7.8,7.7,8,7.5,7.6,7.9,7.9,7.9,7.9,8.2,8.3,8.2,8.2,8.2,8.2,8.1,8,7.9,8,8,7.9,7.9,7.9,7.9,7.9,8,8.1,8,8,8,NA,NA,NA,NA,NA,NA,NA,NA,NA,NA,NA,NA,NA,NA,NA,NA,NA,NA
2005-10-01,7,7.3,7.6,7.9,8,7.8,7.8,7.8,7.9,7.8,8.3,8.1,8.1,8.2,8.1,8.2,8.2,8.2,8.1,8.2,8.2,8.1,8.3,8.2,7.7,7.7,7.8,7.6,7.7,7.8,8.1,8.2,8.2,8.2,8.1,8.1,8.2,8.2,8.2,8,7.8,7.9,7.8,7.8,7.9,7.9,8,7.9,7.9,7.8,7.8,7.9,8,7.8,7.8,8.2,8.4,8.4,8.3,8.3,8.3,8.3,7.7,7.7,7.7,7.6,7.7,7.7,7.7,7.6,7.6,7.7,7.8,7.7,7.7,7.7,NA,NA,NA,NA,NA,NA,NA,NA,NA,NA,NA,NA,NA,NA,NA,NA,NA,NA
2005-11-01,7.4,7.8,7.8,7.9,8.1,8.1,8.1,8.1,8,8,8,8.1,8.1,8.1,8,8.1,8,8.1,8.1,8.1,8.1,8.1,8.1,8,7.9,8,8,8,8,8,8.2,8.1,8.1,8.1,8.1,8,8.1,8.1,8.1,8.1,8,8.1,8,8.1,8,8.1,8.1,8.1,8.1,8,8.1,8.1,8.1,8,8,8.2,8.3,8.2,8.2,8.2,8.2,8.2,8,7.9,7.9,7.8,8,7.9,7.8,7.8,7.8,8,8.1,8,8,8,NA,NA,NA,NA,NA,NA,NA,NA,NA,NA,NA,NA,NA,NA,NA,NA,NA,NA
2005-12-01,7.5,7.1,7.3,7.4,7.5,8,8.1,8,8,8,8.1,8.1,8.1,8.1,8,8.1,8.1,8.2,8.1,8.1,8.1,8.1,8.2,8.1,7.8,7.3,7.6,7.6,7.6,7.7,7.8,7.6,7.9,7.8,7.7,7.3,7.4,7.5,7.7,8.1,8,8,8,8,8,8.1,8.1,8.1,8.1,8,8.1,8.1,8.1,8.1,8,7.9,8.1,8,8,8.1,8.1,8.1,8,7.9,8,7.9,8,8,7.9,7.9,7.9,7.9,7.9,8,8,8,NA,NA,NA,NA,NA,NA,NA,NA,NA,NA,NA,NA,NA,NA,NA,NA,NA,NA
2006-01-01,7.3,7.5,7.6,7.6,7.6,8.1,8.1,8.1,8,8.1,8.3,8.1,8.1,8.1,8.1,8.3,8.1,8.3,8.4,8.3,8.3,8.1,8.3,8.1,8,8,8,8.1,8.1,8.2,8.3,8.3,8.3,8.3,8.3,8.3,8.3,8.4,8.3,8.3,8.2,8.3,8.3,8.3,8.1,8.3,8.3,8.3,8.3,8.1,8.3,8.3,8.3,8.4,8.2,8,8,8,8.1,8.1,8.2,8.2,8.1,8.1,8.1,8,8,8.1,8.1,8.1,8.1,8.2,8.3,8.2,8.2,8.2,NA,NA,NA,NA,NA,NA,NA,NA,NA,NA,NA,NA,NA,NA,NA,NA,NA,NA
2006-02-01,7.1,7.1,7.2,7.4,7.6,8.1,8.2,8.1,7.9,8.1,8.1,7.9,7.9,8,8,7.8,8,8.1,8.1,8,7.9,7.8,8.1,8,7.8,7.9,7.8,7.9,7.9,7.9,8.1,8,8.1,8.1,8,7.9,7.9,8,8,8.1,7.9,7.9,8,8.1,8.2,8.2,8.2,8.1,8.1,8,8,8.2,8.2,8.2,7.9,7.7,7.9,7.8,8,8,8,8,8,7.8,7.9,8,8.1,8.1,8.1,8,7.9,7.8,7.9,7.8,7.9,7.9,NA,NA,NA,NA,NA,NA,NA,NA,NA,NA,NA,NA,NA,NA,NA,NA,NA,NA
2006-03-01,7.5,7.7,7.7,7.7,7.8,8.1,8.1,8.1,7.9,8,8,8,8,8,8,8.1,8,8,8.1,8,8,8.1,8,8,7.8,7.8,7.9,7.9,8,8,8.1,8.1,8.1,8.1,8.1,8,8.1,8.1,8.1,8.1,8.1,8.1,8.1,8.1,8.1,8.1,8.2,8.1,8,7.9,8.1,8.2,8.2,8.2,8.1,7.9,8,8,8,8.1,8.2,8.2,8,7.9,8,7.9,8,8,7.9,7.9,8,8,8.1,8,8,8,NA,NA,NA,NA,NA,NA,NA,NA,NA,NA,NA,NA,NA,NA,NA,NA,NA,NA
2006-04-01,7.7,7.8,8,8,8.1,7.9,7.8,7.7,7.7,7.7,8.1,7.9,7.9,7.9,7.7,8,8,8,8,7.9,8,8,8.1,8,7.9,8,8,8,8,8,8,8,8,8,7.9,7.9,7.9,8,8,7.9,8.2,8.2,8.3,8.3,8.3,8,8.1,8.1,8.3,8,8.1,8.1,8.1,8.1,8.1,8,8.1,8,8,8.1,8.1,8.1,7.9,7.9,8,7.9,7.9,7.9,7.9,7.9,7.9,7.9,7.8,7.8,7.9,8,NA,NA,NA,NA,NA,NA,NA,NA,NA,NA,NA,NA,NA,NA,NA,NA,NA,NA
2006-05-01,7.1,7,7,7.2,7.2,8,7.9,7.9,7.9,7.9,8.2,8.1,8.1,8,8,8,8.1,8.1,8,8,8,7.9,8.1,8.2,8,8.1,8.1,8.1,8.1,8.2,7.9,7.9,7.9,7.9,7.9,7.9,7.9,7.9,7.9,8.2,8.1,8.1,8.2,8.2,8.2,8.2,8.2,8.2,8.2,8.2,8.1,8.2,8.2,8.2,8.1,8,8.2,8,8,8,8,8,7.9,8.1,8.1,7.8,7.9,7.9,7.8,7.9,8.1,8.1,8.1,8.1,8.1,8.1,NA,NA,NA,NA,NA,NA,NA,NA,NA,NA,NA,NA,NA,NA,NA,NA,NA,NA
2006-06-01,7.9,7.9,7.9,7.9,7.8,8.1,8.1,8.1,8.1,8.1,8.2,8.5,8.5,8.4,8.5,8.1,8.5,8.2,8.2,8.2,8.1,8.1,8.2,8.4,7.9,8,8,8.1,8.1,8,8.5,8.4,8.5,8.4,8.3,8.2,8.6,8.3,8.5,8.3,8.3,8.2,8.3,8.2,8.1,8.4,8.3,8.1,8.2,8.3,8.1,8.3,8.2,8.3,8.2,7.9,8.2,7.6,8,8,8.1,8.2,7.9,8.1,8.1,8,8,8,8,8,8.1,8.1,8,8.1,8,8.1,NA,NA,NA,NA,NA,NA,NA,NA,NA,NA,NA,NA,NA,NA,NA,NA,NA,NA
2006-07-01,7.8,7.9,7.8,7.9,7.7,8.1,8.1,8,7.8,7.9,8.4,8.1,8.1,8,7.9,8,8.2,8.2,8.2,8.1,8.1,7.9,8.2,8.1,7.7,7.7,7.7,7.8,7.9,7.9,8.1,8.2,8.2,8.2,8.1,8,8.1,8.1,8.1,7.9,8.2,8.3,8,8,7.8,7.9,8.1,7.9,7.8,7.9,7.9,7.9,8,8,8,7.7,7.9,7.8,7.9,7.9,7.9,7.9,7.8,8.4,8.5,8,7.7,7.7,7.8,7.9,8.3,8.3,8.2,8.4,8.3,8.5,NA,NA,NA,NA,NA,NA,NA,NA,NA,NA,NA,NA,NA,NA,NA,NA,NA,NA
2006-08-01,7.6,7.7,7.7,7.6,7.5,8.1,8.1,8.2,8.3,8.3,8.6,8.4,8.4,8.1,8.1,8.3,8.5,8.6,8.5,8.5,8.5,8.1,8.6,8.5,7.8,7.6,7.7,7.9,7.5,7.6,8.5,8.4,8.4,8.5,8.4,8.1,8.2,8.4,8.4,8.6,8.5,8.5,8.3,8.1,8.1,8.7,8.6,8.6,8.1,8.2,8.4,8.7,8.7,8.7,8.1,8.2,8.6,8.5,8.2,8.4,8.4,8.4,8,8,8.1,8,8.1,8,8,8.1,8,7.9,8,7.9,8,8.1,NA,NA,NA,NA,NA,NA,NA,NA,NA,NA,NA,NA,NA,NA,NA,NA,NA,NA
2006-09-01,7.1,7.4,7.6,7.8,7.9,8.2,8.1,8,8.2,8.2,8.2,8.1,8.1,8.1,8,8.1,8.1,8.3,8.2,8.1,8.1,8,8.3,8.1,8,8,8.1,8.1,8.2,8.1,8.2,8.1,8.2,8.2,8.1,8,8.1,8.2,8.1,8.1,8.1,8.2,8.1,8.1,8.1,8.1,8.1,8,8.2,8,8.1,8.2,8.2,8.2,8.1,8.2,8.6,8.4,8.3,8.3,8.3,8.4,7.8,7.8,7.9,7.9,7.8,7.9,7.9,7.9,7.9,7.9,7.9,7.9,7.8,7.8,NA,NA,NA,NA,NA,NA,NA,NA,NA,NA,NA,NA,NA,NA,NA,NA,NA,NA
2006-10-01,6.9,6.9,7.5,7.6,7.7,7.9,8,7.9,7.9,7.9,8.2,7.9,7.9,7.9,7.9,7.9,7.9,7.9,7.9,7.9,7.9,7.9,7.9,7.9,7.6,7.6,7.6,7.5,7.5,7.7,7.9,7.9,7.9,7.9,7.9,7.9,8,7.9,7.9,7.8,7.8,7.9,7.9,7.9,7.9,7.8,7.8,7.7,7.9,7.7,7.7,7.9,7.8,7.8,7.8,7.8,8,8,8,8,8,8,7.7,7.8,7.8,7.7,7.7,7.7,7.7,7.7,7.7,7.8,7.8,7.8,7.8,7.8,NA,NA,NA,NA,NA,NA,NA,NA,NA,NA,NA,NA,NA,NA,NA,NA,NA,NA
2006-11-01,7.3,7.4,7.6,7.6,7.8,8,8,7.9,7.9,8,8,7.9,7.9,7.8,7.8,8.1,8,8.1,8.1,8.1,8.1,8,8.2,7.9,7.9,8,8.1,8,8,8.1,8.1,8.1,8.1,8.1,8.1,7.9,8,8.1,8.1,7.8,8,8,8,8,7.8,8,7.9,7.9,7.9,7.9,7.9,8,8,8,8,8.1,8.2,8,8,8.1,8.1,8.1,7.8,7.9,8,7.8,7.9,7.9,7.9,7.9,7.9,7.9,7.8,7.9,7.9,7.9,NA,NA,NA,NA,NA,NA,NA,NA,NA,NA,NA,NA,NA,NA,NA,NA,NA,NA
2006-12-01,6.8,6.9,7.1,7.2,7.4,7.8,7.8,7.7,7.8,7.8,7.9,7.9,7.8,7.8,7.7,7.8,7.9,8,8,7.9,7.9,7.8,8,7.9,7.8,7.8,7.9,7.8,7.9,7.8,8,7.9,7.9,7.9,7.9,7.8,7.8,7.8,7.9,7.8,7.8,7.8,7.9,7.9,7.8,7.8,7.9,7.8,7.8,7.7,7.8,7.9,7.9,7.9,7.8,7.9,7.9,7.9,7.9,8,8,8,7.9,7.7,7.8,7.9,7.8,7.9,7.9,7.9,7.8,7.8,7.8,7.7,7.8,7.8,NA,NA,NA,NA,NA,NA,NA,NA,NA,NA,NA,NA,NA,NA,NA,NA,NA,NA
2007-01-01,7,7.4,7.4,7.5,7.5,7.8,7.7,7.7,7.6,7.7,7.6,7.6,7.7,7.6,7.7,7.4,7.6,7.6,7.6,7.5,7.4,7.5,7.7,7.7,7.4,7.5,7.5,7.5,7.5,7.5,7.7,7.8,7.8,7.7,7.7,7.8,7.8,7.7,7.8,7.6,7.5,7.5,7.5,7.4,7.6,7.7,7.6,7.7,7.5,7.6,7.6,7.6,7.5,7.6,7.6,7.6,7.5,7.6,7.6,7.7,7.6,7.6,7.6,7.6,7.6,7.7,7.7,7.7,7.7,7.7,7.6,7.6,7.5,7.5,7.6,7.7,NA,NA,NA,NA,NA,NA,NA,NA,NA,NA,NA,NA,NA,NA,NA,NA,NA,NA
2007-02-01,7.9,8.3,8.5,8.2,8.3,8.3,8.3,8.3,8.3,8.3,8.3,8.3,8.3,8.3,8.3,8.3,8.3,8.3,8.4,8.4,8.3,8.2,8.3,8.3,8.3,8.4,8.4,8.4,8.5,8.5,8.2,8.2,8.2,8.2,8.2,8.1,8.2,8.2,8.2,8.3,8.1,8.1,8.2,8.2,8.2,8.3,8.3,8.3,8.2,8.2,8.2,8.3,8.3,8.3,8.2,8.3,8.3,8.3,8.1,8.2,8.2,8.2,8.2,8.3,8.4,8.2,8.2,8.2,8.2,8.2,8.2,8.3,8.3,8.4,8.4,8.4,NA,NA,NA,NA,NA,NA,NA,NA,NA,NA,NA,NA,NA,NA,NA,NA,NA,NA
2007-03-01,7.5,7.6,7.8,7.9,8,8.2,8.2,8.2,8.1,8,8.1,8.2,8.2,8.2,8.2,8.1,8.2,8.2,8.2,8.2,8.2,8.1,8.2,8.2,8,8,8,8,8,8.1,8.1,8.1,8.1,8.1,8.1,8.1,8.1,8.1,8.1,8.1,8,8,8.1,8.1,8.1,8.1,8.1,8.1,8.1,8.1,8.1,8.1,8.1,8.1,8,8.1,8.2,8.2,8.1,8.2,8.2,8.1,8,8,8,7.9,8.1,8,8,8,7.9,8.1,8.1,8.1,8,8.1,NA,NA,NA,NA,NA,NA,NA,NA,NA,NA,NA,NA,NA,NA,NA,NA,NA,NA
2007-04-01,7.5,8,8.2,8,8.1,8.1,8.1,8.2,8,8.1,8.2,8.3,8.3,8.3,8.2,8.3,8.3,8.3,8.3,8.3,8.3,8.2,8.3,8.3,8.1,8.2,8.2,8.1,8.3,8.4,8.3,8.3,8.3,8.3,8.3,8.2,8.3,8.3,8.3,8.3,8.3,8.3,8.4,8.4,8.4,8.4,8.4,8.3,8.4,8.3,8.3,8.4,8.4,8.3,8.2,8.2,8.4,8.4,8.4,8.3,8.3,8.3,8.1,8,8.1,8,8.1,8.1,8,8,8,8.1,8.1,8.1,8.1,8.1,NA,NA,NA,NA,NA,NA,NA,NA,NA,NA,NA,NA,NA,NA,NA,NA,NA,NA
2007-05-01,7.7,7.6,8,8.6,9.2,8,8,8.1,8,8,8.2,8.2,8.2,8.2,7.9,8.2,8.2,8.2,8.2,8.2,8.2,8,8.2,8.2,7.9,8.1,8,8,8,8.2,8.3,8.3,8.3,8.3,8.3,8.3,8.3,8.3,8.2,8.2,8.1,8.1,8.1,8.1,8.1,8.2,8.1,8.2,8.2,8.1,8.1,8.2,8.2,8.2,8.1,8,8.1,8.1,8,8.1,8.1,8.2,7.9,8,8,7.9,7.9,7.9,7.9,7.9,7.9,8,8,8,8,8,NA,NA,NA,NA,NA,NA,NA,NA,NA,NA,NA,NA,NA,NA,NA,NA,NA,NA
2007-06-01,6.7,6.6,6.7,6.9,7,8.2,8.2,8.3,8.2,8.2,8.1,8.2,8.2,8.1,8,8.1,8.2,8.1,8.2,8.1,8.1,8,8.1,8.2,7.8,7.8,7.8,7.9,7.9,8,8.1,8.1,8.1,8.1,8.1,7.9,8,8.1,8.1,8.4,8.1,8,8.3,8.2,7.9,8.5,8.4,8.3,8.2,8,8,8.6,8.5,8.5,8.2,7.8,8,8,8.1,8.2,8.2,8.2,8.2,8.2,8.3,8.3,8.2,8.2,8.2,8.2,8.2,8.1,8.1,8,8.2,8.2,NA,NA,NA,NA,NA,NA,NA,NA,NA,NA,NA,NA,NA,NA,NA,NA,NA,NA
2007-07-01,6.5,6.6,6.8,7,7.1,8.3,8.4,8.4,8.3,8.4,8.6,8.8,8.7,8.6,8.6,8.5,8.6,8.6,8.6,8.5,8.5,8.5,8.6,8.5,8.6,8.2,8.4,8.4,8.3,8.4,8.5,8.5,8.5,8.5,8.5,8.5,8.5,8.6,8.6,8.8,8.9,9,8.9,8.8,8.8,8.9,8.8,8.9,8.4,8.6,8.7,8.7,8.8,8.5,8.5,7.5,7.8,7.6,7.3,6.8,7.7,7.6,8.3,8.5,8.5,8.4,8.3,8.3,8.3,8.3,8.5,8.5,8.7,8.5,8.5,8.5,NA,NA,NA,NA,NA,NA,NA,NA,NA,NA,NA,NA,NA,NA,NA,NA,NA,NA
2007-08-01,7,7.3,7.3,7.6,7.7,8.2,8.4,8.4,8.2,8.1,8.1,8.1,8.1,8.2,8.1,8.2,8.2,8.2,8.1,8.2,8.2,8.1,8.2,8,8,8,8,8,8.1,8.2,8.2,8.1,8.1,8.1,8.1,8,8.1,8,8.1,8.3,8.2,8.5,8.4,8.2,8.3,8.4,8.2,8.3,8,8.2,8.2,8.3,8.3,8.1,8,8.1,8.3,8.3,8.2,8.2,8.2,8.1,7.8,7.9,7.9,8,7.9,7.9,7.9,7.9,7.9,7.9,7.8,7.9,7.8,7.9,NA,NA,NA,NA,NA,NA,NA,NA,NA,NA,NA,NA,NA,NA,NA,NA,NA,NA
2007-09-01,7.2,7.4,7.8,7.7,7.9,8.1,8.1,8.2,8.1,8.1,8.3,8.2,8.2,8.2,8.2,8.2,8.2,8.3,8.2,8.2,8.2,8.1,8.3,8.3,8,8,8,8,8.1,8.2,8.2,8.2,8.2,8.2,8.2,8.1,8.2,8.2,8.2,8.2,8.1,8.1,8.1,8.1,8.1,8.2,8.2,8.2,8.1,8,8.1,8.1,8.1,8.1,8,8.3,8.2,8.2,8.2,8.2,8.3,8.2,7.9,8.1,8.1,7.9,8,8,8,8,8.1,8.1,8.1,8.1,8.1,8.1,NA,NA,NA,NA,NA,NA,NA,NA,NA,NA,NA,NA,NA,NA,NA,NA,NA,NA
2007-10-01,7.1,7.3,7.2,7.4,7.3,8.1,8.1,8.1,8,8,8.4,8,8,8.1,8.1,8.2,8.2,8.3,8.2,8.2,8.2,8.1,8.2,8.1,7.9,7.9,7.9,7.8,7.8,8,8.2,8.2,8.2,8.2,8.2,8.1,8.2,8.2,8.2,8.2,8,7.9,8,8.1,8.1,8.2,8.2,8.1,8.1,8,8.1,8.2,8.2,8.1,7.9,7.8,7.9,8,7.8,7.9,7.8,7.9,7.8,8,8,7.9,7.9,7.9,7.9,7.9,7.9,7.9,8,8,8,8,NA,NA,NA,NA,NA,NA,NA,NA,NA,NA,NA,NA,NA,NA,NA,NA,NA,NA
2007-11-01,6.7,6.9,7,7.3,7.3,8.1,8.1,8.2,8.1,8.1,8.3,8.1,8.1,8.1,8,8.2,8.1,8.3,8.1,8.2,8.2,8.2,8.2,8.1,8,8.1,8.1,8.1,8.1,8.1,8.3,8.2,8.2,8.2,8.2,8.2,8.2,8.2,8.2,8.2,8.3,8.3,8.3,8.2,8.2,8.2,8.2,8.2,8.2,8.1,8.2,8.2,8.2,8.2,8.2,8.2,8.3,8.3,8.1,8.2,8.2,8.2,8.1,8,8,8,8.1,8.1,8,8,8,8,8.1,8,8.1,8,NA,NA,NA,NA,NA,NA,NA,NA,NA,NA,NA,NA,NA,NA,NA,NA,NA,NA
2007-12-01,6.5,6.6,7.8,7.7,7.6,8,8.1,8.1,8,8,8.2,8.1,8.1,8.1,8.2,8.3,8.1,8.3,8.3,8.4,8.4,8.2,8.3,8.1,7.9,8,8,8,8.1,8.1,8.3,8.3,7.9,8.3,8.3,8.3,8.3,8.3,8.3,8.1,8.1,8.1,8.1,8.1,7.8,8.1,8.1,8.1,8.1,8,8.1,8.1,8.1,8.1,8.1,7.7,8.1,8.1,8,8.2,8.2,8.2,8,7.9,7.9,7.9,8,7.9,7.8,7.8,7.9,7.9,7.9,7.9,7.9,7.9,NA,NA,NA,NA,NA,NA,NA,NA,NA,NA,NA,NA,NA,NA,NA,NA,NA,NA
2008-01-01,6.8,6.8,6.7,6.8,7,8.2,8.2,8.2,8.2,8.2,8.2,8.2,8.2,8.3,8.2,8.3,8.2,8.4,8.3,8.3,8.3,8.2,8.4,8.3,8.1,8.1,8.1,8.2,8.2,8.2,8.3,8.2,8.2,8.2,8.2,8.2,8.2,8.2,8.3,8.2,8.1,8.1,8.2,8.2,8.2,8.2,8.2,8.2,8.2,8,8.2,8.2,8.2,8.1,8.2,8.3,8.4,8.3,8.3,8.4,8.4,8.4,8,8.1,8.1,8,8.1,8.1,8,8,7.9,8.1,8.2,8.2,8.1,8.1,NA,NA,NA,NA,NA,NA,NA,NA,NA,NA,NA,NA,NA,NA,NA,NA,NA,NA
2008-02-01,7.5,7.5,7.9,7.9,7.9,8.1,8.1,8.1,8,8.1,7.8,8.1,8.1,8.2,8.2,7.8,8.2,7.8,7.8,7.8,7.8,7.8,7.8,8.2,8,8,8,8,8.1,8.1,7.8,7.8,7.8,7.8,7.8,7.8,7.8,7.8,7.8,7.8,7.7,7.7,7.7,7.7,7.7,7.5,7.7,7.8,7.7,7.8,7.8,7.9,7.6,7.8,7.7,8.3,8.3,8.2,8.3,8.3,8.3,8.3,8.1,8,8,8,8.1,8.1,8.1,8.1,7.9,8.1,8,8,8,8,NA,NA,NA,NA,NA,NA,NA,NA,NA,NA,NA,NA,NA,NA,NA,NA,NA,NA
2008-03-01,7.3,7.4,7.7,7.8,7.9,8.1,8.2,8.2,8.1,8.1,8.2,8.2,8.2,8.3,8.3,8.3,8.3,8.2,8.3,8.2,8.3,8.3,8.2,8.3,8.1,8.1,8.1,8,7.9,8.1,8.2,8.3,8.2,8.2,8.3,8.1,8.2,8.3,8.3,8.2,8.1,8.2,8.1,8.3,8.3,8.2,8.3,8,8.2,8.1,8,8.3,8.3,8.3,8.1,8.1,8.1,8,8,8.2,8.2,8.2,8,8.1,8.1,8,8.1,8.1,8,8,8,8,8.2,8.1,8.1,8.1,NA,NA,NA,NA,NA,NA,NA,NA,NA,NA,NA,NA,NA,NA,NA,NA,NA,NA
2008-04-01,7.3,7.4,7.6,7.7,7.8,8.1,8.1,8.1,8,8.1,8.2,8.2,8.2,8.2,8.2,8.2,8.1,8.2,8.2,8.2,8.2,8.3,8.2,8.1,8,7.9,7.9,7.9,8,8,8.2,8.2,8.2,8.2,8.1,8.1,8.2,8.2,8.2,8.2,7.9,8,8,8,8,8.1,8.1,8.1,8,8.1,8,8.1,8.1,8.1,8,8.2,8.3,8.2,8.2,8.2,8.2,8.2,8,8,8,8,8,8,7.9,8,8,8.1,8.1,8.1,8.1,8.1,NA,NA,NA,NA,NA,NA,NA,NA,NA,NA,NA,NA,NA,NA,NA,NA,NA,NA
2008-05-01,7.5,7.5,7.8,7.9,8,8.1,8.2,8.2,8.1,8.1,8.4,8.2,8.2,8.2,8.2,8.3,8.2,8.4,8.3,8.3,8.2,8.2,8.4,8.2,8,8.1,8.1,8,8.1,8.1,8.2,8.2,8.2,8.3,8.2,8.2,8.3,8.2,8.2,8.2,8.2,8.3,8.2,8.2,8.2,8.2,8.2,8.2,8.3,8.2,8.2,8.2,8.2,8.2,8.2,8.7,8.7,8.6,8.5,8.4,8.3,8.3,8,8.1,8.1,8,8,8,8,8,8.1,8.1,8.2,8.1,8.1,8.1,NA,NA,NA,NA,NA,NA,NA,NA,NA,NA,NA,NA,NA,NA,NA,NA,NA,NA
2008-06-01,8.3,8.4,8.6,8.4,8.2,8.4,8.4,8.4,8.6,8.6,8.6,8.4,8.4,8.6,8.6,8.4,8.4,8.6,8.4,8.4,8.3,8.3,8.5,8.3,8,8,8.1,7.8,8,8.1,8.6,8.6,8.7,8.6,8.6,8.7,8.6,8.6,8.6,8.4,8.2,8.2,8.2,8.1,8.2,8.3,8.3,8.3,8.2,8.2,8.2,8.4,8.3,8.1,8.1,8.8,8.8,8.8,8.9,8.7,8.8,8.8,8.3,8,8.1,8.3,8.3,8.3,8.3,8.3,8,8.1,8.1,8.1,8.1,8.1,NA,NA,NA,NA,NA,NA,NA,NA,NA,NA,NA,NA,NA,NA,NA,NA,NA,NA
2008-07-01,7.3,7.8,7.7,7.7,7.8,8,8,8.2,8.2,8,8.5,8.7,8.6,8.5,8.5,8.5,8.6,8.6,8.5,8.4,8.4,8.4,8.5,8.4,7.9,7.9,7.9,7.8,7.9,8,8.4,8.4,8.4,8.4,8.4,8.3,8.3,8.3,8.4,8.5,8,8.1,8,8.1,8,8.5,8.4,8.4,8,8.1,8.3,8.6,8.5,8.5,8,8.4,8.5,8.4,8.4,8.4,8.4,8.4,7.9,8,8,8,8,8,8,8,8.1,8.3,8.5,8.4,8.2,8,NA,NA,NA,NA,NA,NA,NA,NA,NA,NA,NA,NA,NA,NA,NA,NA,NA,NA
2008-08-01,6.9,7.6,7.6,7.7,7.8,8.2,8.2,8.5,8.5,8.3,8.6,8.4,8.4,8.4,8.4,8.5,8.4,8.6,8.5,8.5,8.5,8.4,8.6,8.4,8.1,8.2,8.3,8.2,8.3,8.3,8.4,8.4,8.4,8.4,8.4,8.4,8.4,8.4,8.4,8.6,8.2,8.2,8.3,8.4,8.3,8.6,8.6,8.6,8.3,8.3,8.5,8.6,8.6,8.5,8.2,8.5,8.5,8.5,8.5,8.6,8.5,8.5,8.3,8.2,8.2,8.3,8.3,8.3,8.3,8.4,8.2,8.2,8,8.1,8.2,8.2,NA,NA,NA,NA,NA,NA,NA,NA,NA,NA,NA,NA,NA,NA,NA,NA,NA,NA
2008-09-01,6.2,6.6,7.2,7.5,7.7,8.1,8.1,8.1,8,8.1,8.3,8.2,8.3,8.2,8.1,8.3,8.2,8.4,8.3,8.4,8.3,8.2,8.3,8.2,7.8,7.9,7.9,7.8,8,8,8.1,8.2,8.1,8.1,8.1,8.2,8.2,8.2,8.1,8.3,8.3,8.4,8.3,8.4,8.4,8.2,8.2,8,8.2,7.8,7.9,8.3,8.3,7.8,8.2,8.1,8.2,8.2,8.2,8.1,8.2,8.1,8,7.8,7.8,7.8,8,8,7.9,7.8,7.7,7.8,7.8,7.9,7.9,7.8,NA,NA,NA,NA,NA,NA,NA,NA,NA,NA,NA,NA,NA,NA,NA,NA,NA,NA
2008-10-01,7.7,8,8.3,8.3,8.5,8.2,8.2,8.3,8.2,8.2,8.3,NA,NA,NA,NA,8.3,8.4,8.5,8.4,8.3,8.4,8.3,8.4,8.4,8.1,8.1,8.1,8.1,8.1,8.2,8.3,8.3,8.3,8.3,8.2,8.2,8.3,8.3,8.3,8.3,8.2,8.2,8.2,8.2,8.3,8.3,8.3,8.3,8.2,8.2,8.2,8.3,8.3,8.2,8.2,8.3,8.4,8.3,8.3,8.4,8.4,8.4,8,8,8.1,8,8,7.9,7.9,7.9,8.1,8.1,8,8.1,8.1,8.1,NA,NA,NA,NA,NA,NA,NA,NA,NA,NA,NA,NA,NA,NA,NA,NA,NA,NA
2008-11-01,7.9,8.1,8.2,8.2,7.7,8.1,8.1,8.2,8.1,8.1,8.3,8.2,8.2,8.2,8.2,8.3,8.2,8.3,8.3,8.3,8.3,8.2,8.3,8.2,8.1,8.1,8.1,8.1,8.2,8.2,8.3,8.3,8.3,8.3,8.3,8.2,8.3,8.3,8.3,8.2,8.2,8.2,8.2,8.2,8.2,8.2,8.2,8.2,8.2,8.2,8.2,8.2,8.2,8.2,8.2,8.3,8.3,8.4,8.2,8.4,8.4,8.4,8,8.2,8.2,8,8,8,7.9,7.9,8.1,8.2,8.3,8.2,8.2,8.2,NA,NA,NA,NA,NA,NA,NA,NA,NA,NA,NA,NA,NA,NA,NA,NA,NA,NA
2008-12-01,7.7,7.9,8,7.8,7.8,8.3,8.3,8.4,8.2,8.3,8.3,8.4,8.4,8.4,8.4,8.2,8.4,8.2,8.2,8.2,8.2,8.1,8.2,8.4,8,8.1,8.2,8.1,8.2,8.2,8.4,8.4,8.4,8.4,8.4,8.3,8.4,8.4,8.4,8.1,8.1,8.1,8.1,8.1,8.1,8.1,8.1,8.1,8.1,8,8.1,8.1,8.1,8.1,8.1,8.2,8.2,8.2,8.1,8.2,8.2,8.2,8,7.9,7.8,8,8,7.9,8,8,7.8,7.9,7.8,7.8,7.9,7.9,NA,NA,NA,NA,NA,NA,NA,NA,NA,NA,NA,NA,NA,NA,NA,NA,NA,NA
2009-01-01,7.5,7.6,7.8,7.8,7.9,8,8,8.1,8,8,8.2,8.1,8.1,8.1,8.1,7.7,8.1,7.9,8.1,8,8,8,8.1,8.1,7.9,8,7.9,7.9,8,8,8.1,8.1,8.1,8.1,8.1,8,8.1,8.1,8.1,8.1,8.1,8.1,8.1,8.1,8.1,8.1,8.1,8.1,8.1,8,8,8.1,8.1,8.1,8.1,7.9,8.1,8,8,8.1,8.1,8,8,7.9,7.9,7.9,8,8,8,8,7.8,7.9,8,8,8,8,NA,NA,NA,NA,NA,NA,NA,NA,NA,NA,NA,NA,NA,NA,NA,NA,NA,NA
2009-02-01,6.9,7,7.8,7.9,8,8,8,8.1,7.9,7.9,8.2,8.1,8.1,8.1,8.1,8.1,8.1,8.1,8.1,8.1,8.1,8.1,8.1,8.1,7.9,7.9,7.9,8,8,8.4,8.3,8.3,8.3,8.3,8.2,8.2,8.4,8.3,8.3,8.1,8,8.1,8.1,8.1,8,8.1,8.1,8,8.1,7.9,8,8.1,8.1,8,8,8,8,8,8,8.1,8.1,8.1,8.1,7.8,7.9,8,8.1,8.1,8,8,7.8,7.8,7.9,7.9,7.8,7.9,NA,NA,NA,NA,NA,NA,NA,NA,NA,NA,NA,NA,NA,NA,NA,NA,NA,NA
2009-03-01,7.1,7.2,7.5,7.6,7.7,8,8,8,7.9,7.9,8.1,7.9,8.2,8.3,8.2,8.3,8.3,8.3,8.3,8.3,8.3,8.3,8.3,8.1,7.9,8,8,7.9,8,8,8,8.1,8.1,8.1,8,8,8,8.1,8.1,8.3,8.1,8.1,8.1,8.1,8.2,8.3,8.3,8.3,8.2,8.2,8.2,8.3,8.3,8.1,8.1,8.1,8.3,8,8.2,8.3,8.3,8.3,8,8.4,8.4,8,8,8,8,8,8.4,8.5,8.5,8.5,8.4,8.4,NA,NA,NA,NA,NA,NA,NA,NA,NA,NA,NA,NA,NA,NA,NA,NA,NA,NA
2009-04-01,7.9,7.8,8,8,8.1,8,8,8,8,8,7.9,8.1,8.1,8.1,8.1,8,8.1,8,8.1,8.1,8.1,8,8.1,8.1,7.9,7.9,7.9,7.8,7.9,8,8,8,8,8,8,8,8,8,8,8.1,8,8,8,8.1,8.1,8.1,8.1,8.1,8.1,8,8,8.1,8,8,8,8.1,8.1,8,8,8.1,8.1,8.1,8,7.8,7.9,7.9,8,8,8,7.9,7.9,7.9,8,7.9,7.8,7.9,NA,NA,NA,NA,NA,NA,NA,NA,NA,NA,NA,NA,NA,NA,NA,NA,NA,NA
2009-05-01,7.2,7.5,7.6,7.7,7.8,7.9,7.9,7.9,7.9,7.9,8,8,8,8,8,8,8,8,8,8,8,8,8,8,7.9,7.9,7.9,7.9,7.9,8.1,7.9,8,7.9,8,7.9,7.9,7.9,8,8,8,8.2,8.3,8.2,8.2,8.2,8,8,8,8.1,7.9,7.9,8,8,7.9,8,7.8,7.9,7.9,7.8,7.8,7.9,8,7.9,7.9,8,7.8,7.9,7.9,7.8,7.8,7.8,7.9,8,7.9,8,8,NA,NA,NA,NA,NA,NA,NA,NA,NA,NA,NA,NA,NA,NA,NA,NA,NA,NA
2009-06-01,7.4,7.5,7.7,7.8,7.9,7.9,8,8.1,8,8,7.9,8,8,8,8,8.1,8,8.1,8.1,8.1,8.1,8.1,8.1,8,7.8,7.8,7.8,7.7,7.8,7.9,8.1,8,7.9,8,8,8,8,8,8,8.3,8.2,8.1,8.1,8.1,8.2,8.2,8.2,8.2,7.9,8.1,8.1,8.4,8.4,8.3,8,8,8,8,8.1,8.1,8.1,8,7.7,8,8.2,7.8,7.8,7.8,7.8,7.9,8,8,8.1,8,8,8.1,NA,NA,NA,NA,NA,NA,NA,NA,NA,NA,NA,NA,NA,NA,NA,NA,NA,NA
2009-07-01,7.4,7.5,7.7,7.8,7.9,7.6,7.6,7.7,7.8,7.9,8.4,8.6,8.6,8.4,8.4,8.4,8.5,8.4,8.4,8.4,8.4,8.4,8.4,8.5,8.1,8.1,8.2,8.2,8.2,8,8.3,8.3,8.3,8.4,8.3,8.2,8.3,8.3,8.3,8.5,8.4,8.5,8.4,8.4,8.4,8.5,8.5,8.4,8.3,8.2,8.2,8.5,8.5,8.4,8.2,8.3,8.4,8.4,8.5,8.5,8.4,8.4,7.8,8,8.1,7.7,7.6,7.6,7.7,7.7,8.2,8.2,8.4,8,8.2,8.1,NA,NA,NA,NA,NA,NA,NA,NA,NA,NA,NA,NA,NA,NA,NA,NA,NA,NA
2009-08-01,7.3,7.4,7.6,7.7,7.8,8.4,8.4,8.6,8.5,8.5,8.7,8.6,8.5,8.5,8.5,8.6,8.4,8.6,8.6,8.6,8.5,8.4,8.6,8.4,8.1,8.1,8,8,8.1,8.2,8.7,8.7,8.7,8.7,8.7,8.6,8.7,8.7,8.8,8.7,8.5,8.5,8.5,8.5,8.1,8.8,8.7,8.8,8.3,8.4,8.6,8.8,8.7,8.3,8.3,8.4,8.4,8.4,8.5,8.5,8.5,8.5,8.3,8.1,8.3,8.3,8.4,8.4,8.4,8.4,8.1,8,8.1,8.1,8.1,8.3,NA,NA,NA,NA,NA,NA,NA,NA,NA,NA,NA,NA,NA,NA,NA,NA,NA,NA
2009-09-01,7.4,7.4,7.7,7.8,7.9,8.2,8.2,8.2,8.2,8.2,8,8.1,8.1,8.1,8.1,8.1,8.1,8,8.1,8.1,8.1,8.1,8.1,8.1,7.9,7.9,8,7.8,8,8.1,8.2,8.2,8.2,8.2,8.2,8.2,8.2,8.2,8.2,8.1,7.9,7.9,7.9,7.9,8,8.1,8.1,8,8,8,7.9,8.1,8.1,8,7.9,8.2,8.2,8.2,8.1,8.2,8.1,8.1,8.1,7.8,7.8,7.9,8.1,8.1,7.9,8,7.8,7.9,8,7.9,7.9,7.9,NA,NA,NA,NA,NA,NA,NA,NA,NA,NA,NA,NA,NA,NA,NA,NA,NA,NA
2009-10-01,7.7,7.8,8,8,8.1,7.9,8,8,7.9,8,8,8.2,8.1,8.2,8.1,8.1,8.2,8.2,8.2,8.1,8.1,8.1,8.2,8.2,7.8,7.9,7.8,7.8,7.8,7.9,8,8.1,8,8,8,7.9,8,8.1,8.1,8,7.9,7.9,7.9,7.9,8,8,8.1,8,8,7.9,7.9,7.9,7.9,7.9,7.8,8,8.1,8.3,8.2,8.3,8.2,8.2,8,7.8,7.8,7.8,7.9,7.9,7.9,7.9,7.8,7.9,7.9,7.9,7.9,7.9,NA,NA,NA,NA,NA,NA,NA,NA,NA,NA,NA,NA,NA,NA,NA,NA,NA,NA
2009-11-01,7.3,7.5,7.7,7.8,8,8.1,8.1,8.1,8.1,8.1,8.2,8.2,8.1,8.1,8.1,8.2,8.2,8.2,8.2,8.2,8.2,8.2,8.3,8.2,8,8.1,8.1,8,8.1,8.1,8.1,8.1,8.1,8.1,8.1,8.1,8.1,8.1,8.1,8.2,8.2,8.2,8.2,8,8.2,8.2,8.1,8.1,8.2,8.1,8.1,8.1,8.1,8.1,8.2,8,8.1,8.1,8,8.1,8.1,8.2,8,8.1,8.1,8,8,8,8,8,8.1,8.1,8.1,8.1,8.1,8.1,NA,NA,NA,NA,NA,NA,NA,NA,NA,NA,NA,NA,NA,NA,NA,NA,NA,NA
2009-12-01,7.3,7.7,7.9,7.8,7.9,7.9,7.9,8,7.9,7.9,8,8,8,8,8,8,8,8.1,8,8,8,8,8.1,8,7.8,7.8,7.9,7.8,7.9,7.9,8.1,8.1,8.1,8.1,8.1,8.1,8.1,8.1,8.1,8,7.9,8,8,8.1,8,8,8,7.9,8.1,7.9,7.9,7.9,7.9,7.9,7.9,8,8,8.1,8,8.1,8,8,7.9,7.8,7.9,7.8,7.9,7.8,7.8,7.8,7.8,7.8,7.9,7.9,7.9,7.9,NA,NA,NA,NA,NA,NA,NA,NA,NA,NA,NA,NA,NA,NA,NA,NA,NA,NA
2010-01-01,7.2,7.5,7.6,7.8,7.9,7.8,7.8,7.9,7.8,7.8,7.8,7.9,7.9,7.9,7.9,7.9,7.9,7.9,7.9,7.9,7.9,7.8,7.9,7.9,7.8,7.8,7.8,7.8,7.8,7.9,8,7.9,7.9,7.9,8,7.9,7.9,7.9,7.9,7.9,7.8,7.8,7.8,7.9,7.8,7.9,7.9,7.9,7.9,7.8,7.8,7.9,7.9,7.9,7.8,7.8,7.8,7.8,7.8,7.8,7.9,7.9,7.8,7.7,7.7,7.7,7.7,7.7,7.7,7.7,7.7,7.7,7.7,7.7,7.7,7.7,NA,NA,NA,NA,NA,NA,NA,NA,NA,NA,NA,NA,NA,NA,NA,NA,NA,NA
2010-02-01,7.5,7.5,7.6,7.6,7.5,8,8,8,7.9,8,7.9,8.2,8.2,8.2,8.1,7.9,8.2,7.9,8,8,8,7.9,8,8.2,7.8,7.8,7.8,7.8,7.9,7.9,7.8,7.9,7.8,7.8,7.8,7.8,7.9,7.9,7.9,7.9,7.8,7.8,7.8,7.8,7.8,7.9,7.9,7.9,7.9,7.9,7.9,7.9,7.9,7.9,7.8,8.1,8.1,8.1,8.1,8.1,8.1,7.9,7.9,7.7,7.7,7.9,8,8,7.9,7.9,7.8,7.8,7.8,7.8,7.8,7.8,NA,NA,NA,NA,NA,NA,NA,NA,NA,NA,NA,NA,NA,NA,NA,NA,NA,NA
2010-03-01,7.4,7.6,7.9,7.9,8,7.9,7.9,7.9,7.7,7.8,8.2,8.2,8.2,8.2,8.1,8.1,8.2,8.2,8.2,8.2,8.1,8,8.2,8.2,8.1,8.1,8.2,8.2,8.2,8.3,8.2,8.2,8.2,8.2,8.2,8.1,8.2,8.2,8.2,8.3,7.8,7.9,7.8,7.8,8,8.3,8.3,8.2,7.9,8.1,8.2,8.3,8.3,8.2,7.8,8,8.1,8.1,8.1,8.1,8.2,8.2,7.7,8,8,7.6,7.7,7.7,7.6,7.6,8.1,8,8.2,8.2,8,8,NA,NA,NA,NA,NA,NA,NA,NA,NA,NA,NA,NA,NA,NA,NA,NA,NA,NA
2010-04-01,7.2,7.4,7.6,7.6,7.7,7.7,7.7,7.8,7.7,7.7,7.6,7.7,7.7,7.7,7.7,7.7,7.7,7.7,7.7,7.7,7.7,7.7,7.7,7.7,7.6,7.6,7.6,7.6,7.7,7.7,7.7,7.7,7.6,7.6,7.7,7.7,7.7,7.7,7.7,7.8,7.6,7.7,7.7,7.7,7.7,7.8,7.8,7.7,7.7,7.7,7.7,7.7,7.8,7.6,7.6,7.7,7.8,7.8,7.7,7.8,7.7,7.7,7.7,7.6,7.6,7.6,7.7,7.7,7.7,7.6,7.6,7.6,7.7,7.7,7.6,7.6,NA,NA,NA,NA,NA,NA,NA,NA,NA,NA,NA,NA,NA,NA,NA,NA,NA,NA
2010-05-01,7.3,7.7,7.8,7.7,7.7,7.6,7.7,7.7,7.6,7.6,7.7,7.8,7.7,7.7,7.8,7.8,7.8,7.8,7.8,7.8,7.8,7.8,7.8,7.8,8.1,8.1,7.9,7.8,8.1,8.1,7.7,7.7,7.7,7.8,7.7,7.8,7.8,7.8,7.7,7.8,7.7,7.8,7.8,7.9,7.8,7.8,7.8,7.8,7.8,7.7,7.7,7.7,7.7,7.7,7.7,7.8,7.8,7.8,7.8,7.8,7.8,7.8,7.6,7.8,7.9,7.6,7.6,7.6,7.6,7.6,7.8,7.9,7.8,7.9,7.8,7.8,NA,NA,NA,NA,NA,NA,NA,NA,NA,NA,NA,NA,NA,NA,NA,NA,NA,NA
2010-06-01,7.1,7.3,7.5,7.6,7.7,7.9,7.9,7.9,7.9,7.9,8,7.9,7.9,7.8,7.9,7.9,7.8,7.9,7.9,7.9,7.9,7.8,7.9,7.9,7.8,7.8,7.8,7.7,7.8,7.8,7.8,7.8,7.8,7.8,7.8,7.8,7.8,7.8,7.8,7.9,7.9,8.1,7.9,7.9,7.8,7.9,7.9,7.9,7.8,7.9,7.9,7.9,7.9,7.9,7.7,7.8,7.9,7.9,7.9,7.9,7.9,7.9,7.8,7.8,7.8,7.8,7.8,7.8,7.8,7.8,7.8,7.8,7.8,7.8,7.8,7.8,NA,NA,NA,NA,NA,NA,NA,NA,NA,NA,NA,NA,NA,NA,NA,NA,NA,NA
2010-07-01,7.5,7.6,7.9,7.9,7.9,8.1,8.1,8.1,8.1,8.1,8.1,8.2,8.2,8.2,8.1,8.1,8.2,8.1,8.1,8.2,8.1,8.2,8.1,8.1,7.9,7.9,8,8,8,8,8.2,8.1,8.1,8.2,8.2,8.1,8.2,8.1,8.1,8.1,8.2,8.3,8.2,8.3,8.3,8.4,8.3,8.1,8,8.2,8.1,8.3,8.2,8.2,8.1,8.4,8.4,8.3,8.4,8.3,8.4,8.3,8.1,8.1,8.5,8.2,8,8.1,8.1,8.1,8.3,8.3,8.4,8.2,8.3,8.6,NA,NA,NA,NA,NA,NA,NA,NA,NA,NA,NA,NA,NA,NA,NA,NA,NA,NA
2010-08-01,7.3,7.5,7.7,7.7,7.8,8.5,8.2,8.1,8.4,8.4,8.6,8.4,8.3,8.3,8.4,8.5,8.3,8.7,8.6,8.5,8.5,8.5,8.8,8.2,8.9,8.5,8.5,8.4,8.7,8.7,8.4,8.4,8.4,8.4,8.4,8.4,8.4,8.4,8.5,8.3,8.1,8.3,8.4,8.4,8.4,8.3,8.3,8.2,8,8.3,8.2,8.2,8.4,8.4,8.2,8.5,8.7,8.5,8.7,8.7,8.6,8.5,8.1,8.1,8.2,8.5,8.4,8.3,8.5,8.4,8.2,8.2,8.2,8.2,8.2,8.2,NA,NA,NA,NA,NA,NA,NA,NA,NA,NA,NA,NA,NA,NA,NA,NA,NA,NA
2010-09-01,7.2,7.4,8,7.9,7.7,8.1,8.2,8.2,8.1,8.1,8.7,8.2,8.1,8.2,8.2,8.4,8.1,8.5,8.5,8.4,8.4,8.4,8.5,8.1,8.1,8,8.2,7.8,7.9,8,8.5,8.3,8.3,8.3,8.3,8.3,8.4,8.4,8.4,8.4,8.4,8.4,8.4,8.5,8.4,8.4,8.4,8.3,8,8.3,8.1,8.3,8.3,8.2,8.1,8.5,8.5,8.6,8.5,8.5,8.4,8.4,8.3,8.1,8.2,8.2,8.3,8.1,8.2,8.1,8.2,8.1,8.2,8.2,8.1,8.1,NA,NA,NA,NA,NA,NA,NA,NA,NA,NA,NA,NA,NA,NA,NA,NA,NA,NA
2010-10-01,7.2,7.3,7.6,7.7,7.8,8.1,8.1,8.2,8.1,8.1,8.3,8.2,8.3,8.3,8.2,8.3,8.3,8.3,8.3,8.3,8.3,8.2,8.3,8.3,7.9,7.9,8,8,8.1,8.2,8.2,8.3,8.2,8.2,8.2,8.2,8.2,8.3,8.2,8.3,8.1,8.1,8.2,8.3,8.2,8.3,8.3,8.2,8.3,8.2,8.2,8.2,8.2,8.2,8.1,8.3,8.4,8.3,8.3,8.4,8.3,8.3,8,8.2,8.2,7.9,8,7.9,7.9,7.9,8.1,8,8.1,8.2,8.2,8.2,NA,NA,NA,NA,NA,NA,NA,NA,NA,NA,NA,NA,NA,NA,NA,NA,NA,NA
2010-11-01,7.3,7.5,7.8,7.9,7.9,7.9,7.9,8,7.9,7.9,8.1,8,8,8,7.9,8.1,8,8.1,8.1,8.1,8.1,8,8.1,8,7.9,7.9,7.9,8,8.1,8.2,8.1,8.1,8.1,8.1,8.1,8,8.1,8.1,8.1,8,8,8,7.9,7.9,7.9,8,8,8,8,7.8,7.9,8,8,7.9,7.9,7.9,7.8,8.1,8.2,8.2,8.2,8.1,7.8,7.9,7.9,7.9,7.8,7.8,7.8,7.8,7.9,7.9,8,8,8,8,NA,NA,NA,NA,NA,NA,NA,NA,NA,NA,NA,NA,NA,NA,NA,NA,NA,NA
2010-12-01,7.1,7.3,7.7,7.7,7.8,8.1,8.1,8.1,8,8,8.1,8.1,8.1,8.1,8.1,8.1,8.1,8.1,8.1,8.2,8.1,8,8.1,8.1,7.9,8,8,7.9,8.1,8.2,8,8.1,8,8.1,8,8,8,8.1,8,8.1,8,8,8,8,8,8.1,8.1,8.1,8.1,8,8.1,8.1,8.1,8.2,8,8,8.1,8.1,8.1,8.1,8.1,8.1,7.9,7.9,8,7.9,8,8,8,8,7.9,8,8,8,8,8,NA,NA,NA,NA,NA,NA,NA,NA,NA,NA,NA,NA,NA,NA,NA,NA,NA,NA
2011-01-01,7.1,7.3,7.5,7.7,7.8,7.8,7.8,7.8,7.8,7.8,8,8,8,8,7.8,7.9,8,8,8,7.9,7.9,7.8,8,8,7.8,7.8,7.8,7.8,7.9,7.9,8,7.9,8,8,8,7.9,7.9,7.9,7.9,7.9,7.8,7.8,7.8,7.9,7.8,7.9,7.9,7.9,7.9,7.8,7.9,7.9,7.9,8,7.8,7.8,7.9,7.9,7.9,8,8,8,7.7,7.8,7.9,7.7,7.8,7.8,7.7,7.7,7.8,7.8,7.9,7.9,7.9,7.9,NA,NA,NA,NA,NA,NA,NA,NA,NA,NA,NA,NA,NA,NA,NA,NA,NA,NA
2011-02-01,7.7,8.1,8.5,8,8.1,7.8,7.8,7.8,7.6,7.7,8,7.8,7.8,7.7,7.7,7.9,7.8,7.8,7.9,7.9,7.9,7.8,8,7.8,7.7,7.8,7.8,7.8,7.8,7.8,8,7.9,7.9,7.9,8,7.8,7.9,7.9,8,7.9,7.9,7.9,7.8,7.8,7.7,7.9,7.9,7.9,7.8,7.8,7.8,7.9,7.9,7.8,7.9,7.7,7.9,7.8,7.9,7.9,7.9,8,7.6,7.8,7.8,7.6,7.7,7.7,7.6,7.6,7.7,7.8,7.8,7.8,7.8,7.8,NA,NA,NA,NA,NA,NA,NA,NA,NA,NA,NA,NA,NA,NA,NA,NA,NA,NA
2011-03-01,7,7.2,7.4,7.6,7.6,7.9,7.9,7.9,7.9,7.9,8,8,8,8,7.9,7.9,8,7.9,7.9,7.9,7.9,7.8,7.9,8,7.6,7.6,7.7,7.7,7.8,7.9,8.2,8,8.1,8.3,8.2,8.1,8.2,8.2,8.2,7.9,7.9,7.8,7.8,7.8,7.8,7.9,7.9,7.8,7.9,7.8,7.8,7.9,7.9,7.8,7.8,7.7,8.1,8,7.9,7.9,8,7.9,7.8,7.7,7.7,7.7,7.8,7.8,7.8,7.7,7.7,7.7,7.8,7.8,7.8,7.8,NA,NA,NA,NA,NA,NA,NA,NA,NA,NA,NA,NA,NA,NA,NA,NA,NA,NA
2011-04-01,7.4,7.4,7.9,7.7,7.8,7.9,7.9,7.9,7.8,7.8,8,7.9,7.9,7.9,7.8,7.8,7.9,7.9,7.9,7.9,7.9,7.8,7.9,7.9,7.6,7.6,7.7,7.7,7.7,7.7,8,7.9,8,8,7.9,7.8,7.9,7.9,7.9,7.8,7.6,7.6,7.7,7.7,7.8,7.9,7.9,7.8,7.8,7.6,7.7,7.8,7.8,7.8,7.5,7.9,8,8,7.9,8,8,8,7.6,7.8,7.9,7.5,7.7,7.6,7.5,7.5,7.6,7.7,7.8,7.8,7.8,7.8,NA,NA,NA,NA,NA,NA,NA,NA,NA,NA,NA,NA,NA,NA,NA,NA,NA,NA
2011-05-01,7,7.2,7.4,7.5,7.6,7.7,7.7,7.8,7.8,7.9,7.8,8,8,7.9,7.8,7.8,7.9,7.9,7.8,7.8,7.8,7.8,7.9,7.9,7.6,7.6,7.7,7.6,7.7,7.7,8,7.9,8,8,7.9,7.9,7.9,7.9,7.9,7.9,7.8,7.7,7.8,7.8,7.7,7.9,7.9,7.9,7.8,7.8,7.8,7.9,7.9,7.8,7.7,7.8,8,7.9,7.9,7.9,7.9,7.9,7.5,7.8,7.9,7.7,7.6,7.6,7.6,7.6,7.8,7.8,7.8,7.8,7.8,7.9,NA,NA,NA,NA,NA,NA,NA,NA,NA,NA,NA,NA,NA,NA,NA,NA,NA,NA
2011-06-01,7.5,7.8,7.8,7.9,8,7.8,7.8,7.8,7.8,7.8,8,8.1,8.1,8.1,8,8.1,8.1,8,8.1,8.1,8.1,8,8,8.1,7.8,7.8,7.8,7.8,7.9,7.9,8,8,8,8,8,8,8,8,8,8,7.9,8,8,8.1,8.1,8.1,8.1,7.9,8.1,7.9,7.9,8,8,8,7.9,7.6,7.9,7.8,7.9,7.9,7.9,8,7.8,8,8,7.9,7.9,7.8,7.8,7.8,7.9,8,8.1,8.1,8,8,NA,NA,NA,NA,NA,NA,NA,NA,NA,NA,NA,NA,NA,NA,NA,NA,NA,NA
2011-07-01,7.2,7.3,7.5,7.6,7.7,8.1,8.2,8.2,8.2,8.2,8.1,8.5,8.3,8.3,8.2,8,8.2,8.1,8,8,8.1,8,8.1,8.2,7.8,7.8,7.7,7.7,7.7,7.8,8.1,8.1,8.1,8.1,8.1,8.1,8.1,8.1,8.1,8.1,7.8,7.8,8,8,8,8.1,8.1,8,7.8,7.9,7.9,7.9,8.1,7.9,7.8,8.1,8.2,8.1,8.1,8.1,8.1,8.1,7.9,7.9,7.9,7.9,8,7.9,7.9,7.9,7.9,7.9,8,7.9,7.9,7.9,NA,NA,NA,NA,NA,NA,NA,NA,NA,NA,NA,NA,NA,NA,NA,NA,NA,NA
2011-08-01,7.3,7.4,7.6,7.7,7.8,8.1,8.4,8.4,8.3,8.3,8.4,8.5,8.3,8.3,8.3,8.3,8.3,8.3,8.3,8.3,8.3,8.2,8.4,8.4,8,8.1,8.2,8,8.4,8.4,8.2,8.2,8.2,8.2,8.2,8.2,8.2,8.2,8.3,8.4,8.3,8.4,8.3,8.3,8.3,8.4,8.4,8.4,8.2,8.3,8.3,8.4,8.4,8.3,8.3,8.2,8.3,8.3,8.3,8.3,8.3,8.3,8.1,8.2,8.4,8,8.1,8.1,8,8,8.2,8.3,8.2,8.2,8.2,8.3,NA,NA,NA,NA,NA,NA,NA,NA,NA,NA,NA,NA,NA,NA,NA,NA,NA,NA
2011-09-01,7.3,7.5,7.6,7.6,7.8,8.1,8.2,8.2,8,8.1,8.3,8.2,8.2,8.3,8.3,8.3,8.3,8.3,8.3,8.3,8.3,8.3,8.3,8.3,8.2,8.2,8.2,8.2,8.3,8.3,8.3,8.3,8.2,8.3,8.3,8.2,8.3,8.3,8.3,8.2,7.9,8,8.1,8.1,8.1,8.2,8.2,8.1,8.1,8.1,8.2,8.2,8.2,7.9,7.9,8.2,8.3,8.3,8.2,8.2,8.2,8.2,7.9,7.8,7.8,7.8,7.9,7.8,7.8,7.8,7.8,7.8,8,7.8,7.8,7.8,NA,NA,NA,NA,NA,NA,NA,NA,NA,NA,NA,NA,NA,NA,NA,NA,NA,NA
2011-10-01,7.2,7.4,7.8,7.8,7.9,8.1,8.1,8.1,8,8,8.2,8.2,8.3,8.3,8.3,8.3,8.3,8.3,8.3,8.3,8.3,8.3,8.3,8.3,8.2,8.2,8.2,8.2,8.2,8.3,8.2,8.3,8.2,8.2,8.2,8.2,8.2,8.3,8.3,8.3,8.3,8.4,8.3,8.4,8.3,8.3,8.3,8.3,8.4,8.3,8.3,8.3,8.2,8.2,8.3,8.5,8.6,8.6,8.5,8.5,8.3,8.2,8.3,7.9,8,8.2,8.2,8.2,8.2,8.2,7.9,7.9,8,8,8,8,NA,NA,NA,NA,NA,NA,NA,NA,NA,NA,NA,NA,NA,NA,NA,NA,NA,NA
2011-11-01,7.3,7.5,7.8,7.7,7.8,7.9,7.9,8,7.9,7.9,8,8,8,8,8,8,8,8,8,8,8,8,8,8,7.9,7.9,7.9,7.8,7.8,7.9,8,8,8,8,8,8,8,8,8,8,7.8,7.8,7.9,7.9,8,8,8,7.9,7.9,7.9,7.9,7.9,7.9,7.9,7.8,8.2,8.1,8.1,8.1,8.2,8,8,7.8,7.8,7.8,7.7,7.8,7.8,7.7,7.7,7.7,7.8,7.8,7.8,7.8,7.8,NA,NA,NA,NA,NA,NA,NA,NA,NA,NA,NA,NA,NA,NA,NA,NA,NA,NA
2011-12-01,7.9,8,7.9,7.7,7.7,7.7,7.7,7.8,7.7,7.7,7.9,7.8,7.8,7.8,7.8,7.8,7.8,8,7.8,7.8,7.8,7.9,7.9,7.8,7.8,7.7,7.8,7.8,7.8,7.8,8,7.8,8,8,8,7.9,7.9,7.8,7.9,7.8,7.7,7.7,7.7,7.8,7.7,7.8,7.8,7.8,7.8,7.8,7.8,7.8,7.8,7.8,7.8,7.8,8,8,7.9,8,7.9,7.9,7.7,7.6,7.6,7.6,7.7,7.7,7.6,7.6,7.5,7.6,7.6,7.6,7.6,7.6,NA,NA,NA,NA,NA,NA,NA,NA,NA,NA,NA,NA,NA,NA,NA,NA,NA,NA
2012-01-01,6.9,7.1,7.3,6.1,7.7,8,8,8,8,8,8.1,7.9,7.9,8,7.9,8.1,8,8.1,8.1,8,8,8.1,8.1,7.9,7.7,7.7,7.7,7.7,7.8,7.9,8,8,8,8,8,7.9,8,8,8,8,8.1,8.1,8.1,8,8,8,8,8,8,7.9,8,8,8,8.1,7.9,8,8.1,8.1,8.1,8.1,8.1,8.1,7.8,7.9,7.9,7.7,7.9,7.9,7.8,7.8,7.9,7.9,7.9,7.9,7.9,7.9,8,7.8,7.7,8,8,7.9,8.1,8.1,8,7.5,7.8,7.4,7.7,7.8,7.6,7.7,7.9,7.8
2012-02-01,7.2,7.3,7.4,7.5,7.5,8.1,8.1,8,8,8,8,8,8,8,8,8.1,8,8.1,8.1,8.1,8.1,8,8.1,8,7.8,7.9,7.9,7.9,8,8,8.1,8,8.1,8.1,8.1,8,8,8,8,8,8,8,8,8,8,8.1,8,8,8,7.9,8,8,8.1,8,7.9,8,8.1,8.1,8.1,8.1,8.1,8.1,7.9,7.9,7.9,7.8,7.9,7.9,7.9,7.8,7.9,7.9,7.9,7.9,7.9,7.9,NA,NA,NA,NA,NA,NA,NA,NA,NA,NA,NA,NA,NA,NA,NA,NA,NA,NA
2012-03-01,7,7.1,7.2,7.3,7.4,8,8,8.1,8,8,7.7,7.8,7.7,7.7,7.9,7.8,7.8,7.8,7.8,7.8,7.8,7.7,7.8,7.8,7.5,7.5,7.5,7.5,7.5,7.6,7.6,7.6,7.6,7.6,7.6,8,8.1,8.1,7.6,7.8,7.6,7.6,7.6,7.6,7.5,7.8,7.8,7.7,7.6,7.7,7.7,7.7,7.7,7.8,7.6,8,7.9,8,7.9,8,7.9,7.8,7.5,7.9,7.9,7.4,7.5,7.5,7.4,7.4,7.9,7.9,7.9,7.9,7.9,7.9,8,8,7.6,7.6,7.6,8,7.5,7.6,7.9,7.2,7.4,7.3,7.4,7.4,6.8,7.4,7.9,7.9
2012-04-01,7.2,7.2,7.2,7.4,7.4,7.6,7.6,7.6,7.6,7.6,7.7,7.7,7.7,7.7,7.7,7.8,7.7,7.8,7.7,7.7,7.7,7.7,7.8,7.7,7.6,7.4,7.4,7.4,7.6,7.6,7.8,7.8,7.7,7.8,7.7,7.8,7.8,7.8,7.8,7.7,7.5,7.6,7.6,7.6,7.6,7.7,7.7,7.6,7.6,7.6,7.6,7.6,7.6,7.6,7.5,7.7,7.7,7.7,7.7,7.7,7.8,7.7,7.6,7.5,7.5,7.6,7.6,7.6,7.5,7.5,7.4,7.5,7.5,7.5,7.5,7.5,NA,NA,NA,NA,NA,NA,NA,NA,NA,NA,NA,NA,NA,NA,NA,NA,NA,NA
2012-05-01,7.2,7.2,7.4,7.5,7.6,7.6,7.6,7.6,7.6,7.6,7.8,7.9,7.9,7.9,7.9,7.9,7.9,7.9,7.9,8,8,7.9,7.9,7.9,7.6,7.6,7.5,7.5,7.6,7.7,7.9,7.9,7.9,7.9,7.9,7.9,7.9,7.9,7.9,7.8,7.9,7.9,7.9,7.9,7.8,7.9,7.8,7.8,7.8,7.8,7.7,7.9,7.9,7.8,7.8,8,8.1,8.1,8,8.1,8.1,8,7.5,7.6,7.7,7.6,7.5,7.5,7.6,7.6,7.8,7.7,8.1,7.7,7.7,7.7,7.6,7.5,7.6,7.8,7.9,7.8,7.8,7.9,7.9,7.6,7.7,7.7,7.6,7.7,7.2,7.6,7.8,7.9
2012-06-01,7.1,7.1,7.4,7.4,7.5,7.7,7.7,7.7,7.7,7.7,7.8,7.8,7.8,7.8,7.8,7.8,7.8,7.8,7.8,7.9,7.8,7.8,7.8,7.8,7.6,7.6,7.6,7.6,7.6,7.8,7.8,7.8,7.8,7.8,7.8,7.8,7.8,7.8,7.8,7.8,7.6,7.6,7.8,7.8,7.8,7.7,7.8,7.8,7.8,7.8,7.7,7.7,7.6,7.7,7.6,7.8,7.8,7.9,7.9,7.9,7.9,7.9,7.6,7.6,7.6,7.6,7.7,7.6,7.6,7.6,7.6,7.6,7.7,7.7,7.6,7.6,NA,NA,NA,NA,NA,NA,NA,NA,NA,NA,NA,NA,NA,NA,NA,NA,NA,NA
2012-07-01,6.9,7.1,7.3,7.5,7.5,7.5,7.6,7.6,7.6,7.6,7.8,7.8,7.7,7.6,7.7,7.7,7.5,7.9,7.9,7.9,7.9,7.6,7.8,7.9,7.8,7.9,7.8,7.8,7.8,8.2,7.6,7.6,7.6,7.7,7.6,7.6,7.7,7.7,7.6,7.7,7.8,8,7.9,7.8,7.8,7.9,7.8,7.8,7.7,7.8,7.6,7.8,7.8,7.9,7.9,7.7,7.7,7.8,7.7,7.8,7.7,7.8,7.4,7.4,7.4,7.4,7.4,7.4,7.4,7.4,7.5,7.5,7.6,7.5,7.4,7.4,7.5,7.4,8,7.6,7.6,7.1,8,8,7.7,7.6,7.7,7.8,7.7,7.9,7.8,7.6,7.6,7.6
2012-08-01,7.2,7.4,7.6,7.6,7.7,7.9,7.9,8,7.9,7.9,8.2,8.2,8.1,8.1,8.1,8.2,8.2,8.4,8.3,8.2,8.2,8.1,8.3,8.1,8.1,8,8,7.9,7.9,8,8.2,8.1,8.1,8.1,8,8.1,8.1,8.1,8.1,8.1,8.2,8.1,8.3,8.3,8.2,8.2,8.3,8,8,7.9,8,8.3,8.2,8,8.1,8.2,8.4,8.2,8.2,8.3,8,8,8,7.9,7.9,7.8,7.9,7.9,7.9,7.9,7.9,7.9,7.9,7.9,7.9,7.9,NA,NA,NA,NA,NA,NA,NA,NA,NA,NA,NA,NA,NA,NA,NA,NA,NA,NA
2012-09-01,7.3,7.4,7.5,7.6,7.6,8,8.1,8.2,8,8,8.3,8.2,8.2,8.2,8.2,8.3,8.2,8.4,8.4,8.4,8.4,8.3,8.4,8.2,8.2,8.3,8,8.2,8.3,8.4,8.2,8.2,8.2,8.2,8.2,8.2,8.2,8.2,8.2,8.3,8.3,8.2,8.2,8.1,8.3,8.3,8.2,8.2,8.2,8.1,8.1,8.2,8.2,8.1,8.1,8.2,8.3,8.2,8.2,8.3,8.2,8.2,8,7.8,7.8,7.9,7.9,7.9,8,8,7.7,7.8,7.9,7.8,7.8,7.8,8,7.8,8.3,8.1,8.2,8.2,8.3,8.3,8.2,7.7,7.8,7.7,7.7,7.7,7.8,7.8,8,7.9
2012-10-01,7.4,7.5,7.7,7.7,7.8,7.9,8,8,7.8,7.9,8.2,8.1,8.1,8.1,8,8.1,8.1,8.2,8.1,8.1,8.1,8,8.1,8.1,8,8,8,8,8.1,8.1,8,8.1,8,8,8.1,8.1,8.1,8.1,8.1,8.2,8.1,8.1,8.1,8.1,8.2,8.2,8.2,8.2,8.2,8.1,8.2,8.2,8.1,8.1,8.1,8.1,8.2,8.2,8.1,8.2,8.1,8.1,8.3,7.8,7.9,7.8,7.9,7.8,7.8,7.8,7.8,7.9,7.9,7.9,7.9,7.9,NA,NA,NA,NA,NA,NA,NA,NA,NA,NA,NA,NA,NA,NA,NA,NA,NA,NA
2012-11-01,7.3,7.4,7.7,7.6,7.7,7.8,7.8,7.9,7.7,7.8,7.9,7.9,7.9,7.9,7.9,7.9,7.9,7.9,8,8,7.9,7.9,8,7.9,7.7,7.7,7.7,7.6,7.7,7.9,7.9,7.9,7.9,7.9,7.9,7.8,7.9,7.9,7.9,8,7.8,7.8,7.8,7.8,7.9,7.9,8,7.9,7.9,7.8,7.9,7.9,7.9,7.9,7.8,7.8,8,7.9,7.9,8,8,8,8.1,7.7,7.7,7.7,7.7,7.7,7.7,7.7,7.6,7.7,7.8,7.8,7.8,7.8,7.8,7.7,7.7,7.9,7.9,7.7,7.8,7.8,7.9,7.5,7.7,7.6,7.6,7.7,7.6,7.8,7.8,7.7
2012-12-01,7,7.3,7.5,7.6,7.6,7.7,7.7,7.7,7.7,7.7,7.8,7.9,7.9,7.8,7.8,7.8,7.8,7.9,7.8,7.8,7.8,7.7,7.9,7.8,7.5,7.6,7.6,7.5,7.6,7.6,7.7,7.7,7.6,7.7,7.7,7.7,7.7,7.7,7.7,7.8,7.7,7.7,7.7,7.7,7.7,7.8,7.8,7.8,7.8,7.7,7.7,7.8,7.8,7.7,7.7,7.7,7.8,7.8,7.8,7.8,7.8,7.8,7.6,7.6,7.6,7.5,7.6,7.6,7.6,7.5,7.6,7.6,7.7,7.7,7.6,7.6,NA,NA,NA,NA,NA,NA,NA,NA,NA,NA,NA,NA,NA,NA,NA,NA,NA,NA
2013-01-01,7.8,8.1,8.2,8,7.9,8,8,8,8,8,8,7.9,7.9,7.9,7.9,8,7.9,8,8,8,8,7.9,8,7.9,7.9,7.9,8,7.9,8,8,7.8,7.8,7.8,7.8,7.8,7.9,7.8,7.8,7.8,8,7.7,7.7,7.7,7.7,7.8,8,8,8,7.7,8,8,8,8,8,7.7,8,8,8,8,8,8,8,7.6,7.8,7.9,7.7,7.7,7.6,7.7,7.7,7.8,7.8,8,7.9,7.8,7.9,8,7.9,8,7.8,7.8,7.9,7.7,7.7,7.9,7.6,7.6,7.5,7.6,7.6,7.6,7.7,7.9,7.9
2013-02-01,7,7.2,7.9,7.7,7.7,7.9,7.9,7.9,7.9,7.9,8,7.9,7.9,7.9,7.9,8,7.9,8,8,7.9,8,7.9,8,7.9,8,7.9,8.1,8.1,8.1,8.1,8.3,8.2,8.2,8.3,8.2,8.2,8.2,8.1,8.2,7.9,7.8,7.8,7.8,7.9,7.9,8,8,7.9,7.9,7.9,7.9,8,8,8,7.7,7.8,8,7.9,7.9,7.9,8,8,7.9,8,8,7.8,7.9,7.9,7.8,7.8,7.9,8,8,8.1,8.1,8,NA,NA,NA,NA,NA,NA,NA,NA,NA,NA,NA,NA,NA,NA,NA,NA,NA,NA
2013-03-01,7.2,7.3,7.6,7.6,7.6,7.8,7.8,7.8,7.7,7.7,7.8,7.8,7.8,7.8,7.9,7.8,7.8,8,7.9,7.9,7.9,7.8,8,7.8,7.6,7.6,7.6,7.6,7.6,7.7,7.9,7.9,7.8,7.9,7.9,7.9,7.9,7.9,7.9,7.8,7.7,7.8,7.8,7.8,7.8,7.8,7.8,7.8,7.8,7.7,7.7,7.8,7.8,7.7,7.7,7.7,7.7,7.7,7.7,7.7,7.7,7.7,7.6,7.9,7.9,7.5,7.6,7.6,7.6,7.6,7.8,7.9,7.9,7.9,7.9,7.9,7.7,7.6,7.7,7.8,7.9,7.9,7.8,7.7,7.7,7.5,7.6,7.5,7.6,7.6,7.7,7.7,7.9,7.9
2013-04-01,7.1,7.3,7.4,7.5,7.6,8.1,8.1,8.1,8,8.1,8,8.1,8.1,8.1,8.1,8.1,8.1,8,8,8.1,8.1,8,8,8.1,7.7,7.7,7.7,7.6,7.7,7.8,8,8.1,7.9,8,8,8,8.1,8.1,8,7.8,8,8,8,8.1,8.1,7.8,7.9,7.8,8.1,7.8,7.8,7.8,7.8,7.8,7.9,8.2,8.3,8.2,8.2,8.1,8.1,8,7.9,8,8,7.9,7.9,7.9,7.8,7.8,7.9,8,8,8,8,8,NA,NA,NA,NA,NA,NA,NA,NA,NA,NA,NA,NA,NA,NA,NA,NA,NA,NA
2013-05-01,7.4,7.4,7.5,7.6,7.7,8,8,8,8,8,8.1,8.1,8.1,8.1,8.1,8.1,8.1,8.1,8.1,8.1,8.1,8,8.1,8.1,7.9,7.9,7.9,7.8,7.9,8,8.1,8.1,8,8,8.1,8.2,8.1,8.1,8.1,8.5,8.4,8.4,8.4,8.3,8.2,8.4,8.5,8.4,8.2,8.2,8.1,8.4,8.4,8.4,8.3,8.2,8.2,8.2,8.3,8.3,8.3,8.3,8,8.1,8.1,8,8,8,8.1,8.1,8.1,8.1,8.1,8.1,8.1,8.1,7.9,7.9,7.9,7.9,8,8.2,8.4,8.4,8.1,8.1,8.1,8.2,8.1,8.1,8,8,8.2,8.2
2013-06-01,7,7.2,7.4,7.7,7.8,8.1,8,8.3,8.2,8,8.2,8.3,8.3,8.2,8.2,8.1,8.3,8.1,8.1,8.1,8.1,8,8.2,8.2,8.3,8.3,8,8.1,8.1,8.3,8.1,8.2,8,8.1,8.1,8.2,8.1,8.2,8.2,8.3,8.1,8.2,8.2,8.2,8.2,8.5,8.3,8.1,8.1,8,8.1,8.2,8.3,8,8.1,8.6,8.7,8.7,8.7,8.6,8.5,8.4,8,7.8,7.8,8.1,8,8.1,8.1,8.1,7.9,8,8.1,8.2,8.1,7.9,NA,NA,NA,NA,NA,NA,NA,NA,NA,NA,NA,NA,NA,NA,NA,NA,NA,NA
2013-07-01,7.6,7.5,7.9,8.1,8.1,8.2,8.2,8.3,8.3,8.3,8.5,8.4,8.4,8.4,8.4,8.4,8.4,8.4,8.5,8.5,8.5,8.3,8.4,8.4,8.1,8.3,8.2,8.2,8.2,8.4,8.4,8.4,8.4,8.4,8.4,8.3,8.4,8.4,8.5,8.6,8.3,8.5,8.5,8.4,8.5,8.5,8.6,8.6,8.3,8.4,8.4,8.6,8.7,8.7,8.2,8.4,8.5,8.5,8.5,8.4,8.4,8.4,8.1,8.2,8.2,8.2,8.1,8.2,8.2,8.2,8.2,8.2,8.2,8.2,8.2,8.2,8.2,8.1,8.4,8.4,8.4,8.3,8.3,8.4,8.5,8.1,8.1,8.2,8.1,8.1,8,8.1,8.3,8.2
2013-08-01,7.3,7.5,7.5,7.6,7.8,8.2,8.3,8.3,8.1,8.2,8.2,8.4,8.4,8.3,8.3,8.3,8.4,8.2,8.2,8.1,8.2,8.2,8.3,8.1,7.7,7.8,7.7,7.7,7.8,7.9,8.4,8.4,8.4,8.4,8.3,8.3,8.4,8.4,8.3,8.1,8.7,8.6,8.6,8.5,8.4,8,8.1,8.1,8.2,8,8,8,8,8,8.2,8.3,8.2,8.5,8.4,8.2,8.3,8.4,8.1,8,7.9,8,8,7.9,7.9,7.9,7.9,8,8,8,8,8,NA,NA,NA,NA,NA,NA,NA,NA,NA,NA,NA,NA,NA,NA,NA,NA,NA,NA
2013-09-01,7.3,7.4,7.6,7.7,7.8,8.3,8.3,8.3,8.3,8.3,8.5,8.3,8.3,8.3,8.3,8.4,8.3,8.4,8.5,8.4,8.4,8.4,8.4,8.3,7.9,7.9,7.9,7.8,7.9,8,8.3,8.4,8.3,8.3,8.3,8.4,8.4,8.4,8.3,8.4,8.2,8.2,8.2,8.2,8.3,8.3,8.4,8.3,8.3,8.3,8.3,8.3,8.3,8.2,8.2,8.2,8.4,8.4,8.2,8.3,8.3,8.2,8.2,8.1,8.1,8,8.2,8.1,8.1,8,8,8.2,8.2,8.1,8.1,8.1,8.3,8.2,7.9,8.3,8.3,8.4,8.2,8.2,8.2,7.9,8,8,7.9,8,8.1,8,8.2,8.2
2013-10-01,7.6,7.7,7.9,8.1,8.2,8,8,8.1,8,8,8.1,8.1,8.1,8.1,8.1,8.1,8.1,8.1,8.1,8.1,8.1,7.9,8.1,8.1,7.9,8,8,7.9,8,8.1,8.1,8.2,8.1,8.1,8.1,8.1,8.2,8.2,8.2,8.1,8,8,8,8,8.1,8.1,8.1,8.1,8.1,8,8,8.1,8.1,8,8,8.1,8.2,8.2,8.1,8.1,8.1,8.1,8,7.9,8,7.9,8,8,7.9,7.9,8,8,7.9,8,8,8,NA,NA,NA,NA,NA,NA,NA,NA,NA,NA,NA,NA,NA,NA,NA,NA,NA,NA
2013-11-01,7.6,7.9,8.2,8.3,8.3,8,8.1,8.1,8,8,8,8.1,8.1,8.1,8.1,8,8.1,8,8,8.1,8.1,8,8.1,8.1,7.9,7.9,7.9,7.8,7.9,8,8.1,8.1,8,8.1,8.1,8.1,8.1,8.1,8.1,8.2,7.9,7.9,8,8,8,8.1,8.2,8.1,8,8,8.1,8.1,8.1,8.1,8,8.1,8.2,8.2,8.2,8.2,8.2,8.2,8,8,8,7.9,8,8,7.9,7.9,7.9,8,8,8,8,8,8,7.9,7.9,8,8,8.1,8,8,8,7.8,7.9,7.8,7.8,7.8,8.1,7.9,8,8
2013-12-01,7,7.1,7.5,7.6,7.7,7.8,7.8,7.9,7.8,7.8,8.3,8.2,8.2,8.2,8.2,8.3,8.2,8.4,8.3,8.3,8.3,8.2,8.4,8.2,8.1,8.1,8.1,8,8.1,8.1,8.3,8.2,8.3,8.3,8.3,8.2,8.2,8.2,8.2,8.2,7.9,7.9,7.9,7.9,7.9,8.2,8.3,8.2,7.9,8.1,8.2,8.2,8.2,8.2,7.8,7.5,8.1,8.1,8.1,8.2,8.2,8.2,8,8.1,8.1,8,8,8,8,7.9,8,8,8.1,8.1,8.1,8.1,NA,NA,NA,NA,NA,NA,NA,NA,NA,NA,NA,NA,NA,NA,NA,NA,NA,NA
2014-01-01,7.1,7.3,7.7,7.8,7.9,8,8.1,8.1,8,8,8.1,8.1,8.1,8.1,8,8.1,8.1,8.2,8.1,8.1,8.1,8.1,8.1,8.1,7.9,8,8,8,8,8.1,8.1,8.1,8.1,8.1,8.1,8.1,8.1,8.1,8.1,8.2,8,8,8.1,8.1,8.1,8.2,8.2,8.2,8.1,8.2,8.2,8.2,8.2,8.2,8,8.3,8.3,8.3,8.3,8.3,8.3,8.3,8.2,8.1,8.1,8.1,8.2,8.2,8.2,8.1,8.1,8.2,8.2,8.2,8.1,8.2,8,8,8,8.1,8.1,8.1,8.1,8,8.3,7.8,8,7.8,8,8,7.8,7.9,8.2,8.1
2014-02-01,7.4,7.6,7.8,7.9,8.1,8,8,8,7.9,7.9,8,8,8,8,8,8,8,8,8,8,8,8,8.1,8.2,8,8.1,8.1,8.1,8.1,8.2,8,8,7.9,8,8,8,8,8,8,8,8,8,8,8,8.1,8,8,8,8.1,8,8,8,8,8,8,7.8,7.9,7.9,7.9,8,8,8,8.1,8,7.9,8,8,8,7.9,8,7.9,8,8,8,8,8,NA,NA,NA,NA,NA,NA,NA,NA,NA,NA,NA,NA,NA,NA,NA,NA,NA,NA
2014-03-01,7.2,7.3,7.6,7.6,7.7,7.8,7.9,7.9,7.8,7.8,7.9,8,8,8,7.9,8,8,8,8,8,8,7.9,8,8,7.7,7.7,7.7,7.7,7.8,7.9,7.9,7.9,7.9,7.9,7.9,7.8,7.9,7.9,7.9,7.9,7.8,7.8,7.8,7.9,8,7.9,7.9,7.9,7.9,7.8,7.9,7.9,7.9,7.9,7.8,8,8.1,8.1,8.1,8.1,8.1,8.1,7.8,7.7,7.8,7.8,7.9,7.9,7.8,7.9,7.8,7.9,7.9,7.8,7.8,7.8,7.8,7.6,7.7,7.8,8,7.7,7.8,7.8,8,7.6,7.8,7.5,7.8,7.8,7.5,7.7,7.8,7.8
2014-04-01,7.4,7.5,7.6,7.5,7.7,8.3,8.3,8.3,8.2,8.3,8.4,8.1,8.1,8.2,8.2,8.4,8.2,8.3,8.3,8.4,8.4,8.4,8.3,8.1,8,7.9,7.9,7.8,7.9,8,8.3,8.2,8.4,8.3,8.2,8.2,8.2,8.2,8.2,8.1,8,8,8.1,8.1,8.1,8.1,8.1,8.1,8.1,8,8,8,8,8,8,8.2,8.5,8.4,8.4,8.4,8.3,8.3,7.7,7.8,7.8,7.8,8,7.9,7.9,7.8,7.8,7.9,7.8,7.8,7.9,7.9,NA,NA,NA,NA,NA,NA,NA,NA,NA,NA,NA,NA,NA,NA,NA,NA,NA,NA
2014-05-01,7.4,7.6,7.8,7.9,8,8,8.1,8.1,8,8,8.3,8.2,8.2,8.3,8.2,8.4,8.3,8.4,8.4,8.3,8.3,8.1,8.3,8.3,8,8.1,8.1,8,8.1,8.1,8.3,8.3,8.2,8.3,8.3,8.2,8.3,8.3,8.3,8.2,8,8.1,8.1,8.1,8.1,8.3,8.6,8.1,8.1,8,8.1,8.5,8.4,8.1,8,7.9,8.5,8.6,8.7,8.6,8.6,8.6,8,8.1,8.1,8,8,8,8,8,8,8.1,8.2,8.2,8,8.1,8,7.9,8,8.2,8.2,8.1,8.1,8.1,8.4,7.9,8,7.9,7.9,8,7.7,8,8,8.1
2014-06-01,7.3,7.5,7.8,7.9,7.9,8.2,8.3,8.3,8.1,8.2,8.3,8.4,8.3,8.2,8.3,8.3,8.1,8.3,8.4,8.4,8.4,8.1,8.3,8.3,8,8.1,8.1,8,8.2,8.2,8.3,8.3,8.2,8.3,8.3,8.3,8.3,8.3,8.3,8.3,8,8.1,8.2,8.2,8.2,8.3,8.2,8.2,8.1,8.1,8.2,8.2,8.3,8.3,8,8.1,8.2,8.1,8.2,8.2,8.2,8.2,7.8,7.9,7.9,8,8,8,8,8,7.9,8,8,8,8,8,NA,NA,NA,NA,NA,NA,NA,NA,NA,NA,NA,NA,NA,NA,NA,NA,NA,NA
2014-07-01,7.2,7.3,7.7,7.6,7.8,8.3,8.2,8.1,8.2,8.2,8.2,8.3,8.1,7.8,7.9,8.3,8.2,8.3,8.3,8.3,8.3,8.3,8.3,8.3,7.8,7.8,7.8,7.7,7.8,7.9,8.3,8.3,8.2,8.2,8.3,8.1,8.2,8.2,8.3,8.2,8.1,8.1,8.1,8.1,8.1,8.2,8.1,8.1,8,8.1,8,8.2,8,8.1,7.9,8.1,8,8,8,8,8,7.9,8.1,8,8,8,8,8.1,8,8,8.1,8.1,8.4,8.1,8,8,8.2,8,7.9,8.2,8.3,8.1,8.3,8.4,8,8.1,8.1,8.2,8.1,8,8.1,7.9,7.9,7.8
2014-08-01,7.3,7.5,7.8,7.8,8,7.9,7.9,7.9,7.9,7.9,8,7.8,7.8,7.8,7.8,7.9,7.8,8,8,8,7.9,7.9,7.9,7.8,7.9,7.9,7.9,7.9,7.9,8,7.9,7.8,7.8,7.9,7.9,7.8,7.8,7.9,7.9,8,8.1,8.4,8,7.9,7.9,8.1,8,8,7.9,7.9,8.1,8.2,8.2,8.2,7.9,8,7.8,8.1,8,8.1,8,8,7.7,7.6,7.6,7.8,7.7,7.7,7.8,7.7,7.6,7.6,7.7,7.6,7.6,7.6,NA,NA,NA,NA,NA,NA,NA,NA,NA,NA,NA,NA,NA,NA,NA,NA,NA,NA
2014-09-01,7.3,7.4,7.5,7.5,7.6,7.7,7.8,7.8,7.8,7.7,7.7,7.8,7.8,7.8,7.8,7.8,7.8,7.8,7.7,7.7,7.7,7.7,7.7,7.8,7.5,7.5,7.5,7.3,7.3,7.6,7.8,7.8,7.8,7.9,7.8,7.9,7.9,7.9,7.8,7.8,7.5,7.5,7.7,7.8,7.8,7.8,7.8,7.7,7.7,7.7,7.7,7.7,7.7,7.6,7.5,7.9,7.8,8,8,8,7.9,7.9,7.5,7.6,7.5,7.5,7.5,7.5,7.5,7.5,7.6,7.5,7.7,7.6,7.6,7.6,7.7,7.6,7.5,7.7,7.8,7.9,7.6,7.6,7.8,7.3,7.4,7.3,7.4,7.4,7.6,7.4,7.6,7.7
2014-10-01,7.7,7.9,7.9,8,8,7.4,7.4,7.4,7.4,7.4,7.6,7.8,7.8,7.8,7.8,7.8,7.8,7.7,7.7,7.8,7.8,7.8,7.8,7.8,7.7,7.7,7.6,7.6,7.7,7.7,7.8,7.8,7.8,7.8,7.8,7.8,7.8,7.8,7.8,7.8,7.7,7.7,7.7,7.7,7.8,7.8,7.8,7.8,7.7,7.8,7.7,7.8,7.8,7.7,7.7,8.2,8.3,8.2,8.1,8.2,8.1,8.1,7.8,7.6,7.6,7.6,7.7,7.7,7.6,7.6,7.6,7.7,7.7,7.7,7.7,7.7,NA,NA,NA,NA,NA,NA,NA,NA,NA,NA,NA,NA,NA,NA,NA,NA,NA,NA
2014-11-01,7.4,7.6,7.7,7.8,7.8,8,8,8,8,8,8.1,8.1,8.1,8.1,8,8.2,8.1,8.2,8.3,8.2,8.2,8.1,8.2,8.1,7.9,7.9,7.9,7.8,7.9,8,8.2,8.2,8.1,8.2,8.2,8.2,8.2,8.2,8.2,8.1,8.1,8.2,8.2,8.1,8.1,8.2,8.1,8.1,8.1,8,8.2,8.2,8.2,8.4,8.1,8.3,8.4,8.3,8.2,8.3,8.3,8.2,8,8,8,7.9,7.9,7.9,7.8,7.9,7.9,8,8.1,8.1,8,8,8,7.8,7.9,8.1,8.2,8.1,8,8.1,8.2,7.7,7.8,7.7,7.8,7.9,8,7.8,8,7.9
2014-12-01,7.5,7.7,7.8,7.9,8,7.9,7.9,7.9,7.9,7.9,8.1,8.1,8.1,8.1,8.1,8.1,7.9,8.1,8.2,8.1,8.1,8,8.2,8.1,7.9,8,8,8,8,8.1,8,8,8,8,8,7.8,7.9,7.9,8,8,7.8,7.8,7.8,7.9,7.8,8,8,8,7.9,7.9,7.9,8,8,8,7.9,7.8,7.8,7.8,7.8,7.9,7.9,8,7.7,7.9,7.9,7.8,7.7,7.8,7.8,7.8,7.8,7.8,7.8,7.9,7.9,7.9,NA,NA,NA,NA,NA,NA,NA,NA,NA,NA,NA,NA,NA,NA,NA,NA,NA,NA
2015-01-01,6.8,7.6,7.7,7.9,8,7.9,7.9,7.9,7.8,7.9,8.2,8.1,8.1,8.1,8.1,8.2,8.1,8.2,8.1,8.1,8.2,8.2,8.2,8.1,7.7,7.8,7.8,7.8,7.9,7.9,8,8,7.9,7.9,8,8,8,8,8,7.9,8,8.1,8,8,8,8,7.9,7.9,8,7.9,7.9,7.9,7.9,8,7.9,8,8.1,8,8,8.1,8.1,8,7.7,7.8,7.9,7.8,7.8,7.8,7.8,7.8,7.7,7.8,7.9,7.9,7.9,7.9,7.8,7.7,7.8,7.9,8,7.9,8,8,8,7.6,7.7,7.5,7.7,7.8,7.7,7.8,7.8,7.7
2015-02-01,7.3,7.5,7.6,7.8,7.9,7.8,7.9,7.9,7.7,7.8,7.9,7.9,7.9,7.9,7.8,7.9,7.9,7.9,8,8,7.9,7.8,8,7.9,7.7,7.8,7.7,7.7,7.8,7.9,7.9,7.8,7.9,7.9,7.9,7.8,7.8,7.8,7.9,7.9,7.9,8,7.9,7.9,7.9,8,7.9,7.9,7.9,7.8,7.9,7.9,7.9,7.8,7.9,8.1,8.2,8.1,8.1,8,8,7.9,7.7,7.6,7.7,7.6,7.7,7.8,7.7,7.6,7.6,7.7,7.7,7.7,7.7,7.7,NA,NA,NA,NA,NA,NA,NA,NA,NA,NA,NA,NA,NA,NA,NA,NA,NA,NA
2015-03-01,7.3,7.5,7.6,7.7,7.8,7.8,7.8,7.8,7.8,7.8,7.9,7.9,7.9,7.9,8,8.1,7.8,8,8,8.1,8.2,8.1,8,7.9,7.7,7.7,7.7,7.7,7.7,7.8,7.8,7.9,7.8,7.8,7.8,7.8,7.8,7.8,7.8,7.9,7.7,7.7,7.8,7.8,7.7,7.9,7.9,7.9,7.8,7.9,7.9,7.9,7.9,7.8,7.8,8.3,8.4,8.3,8.3,8.1,8.2,8,7.7,7.8,7.8,7.8,7.8,7.8,7.8,7.7,7.7,7.8,7.8,7.8,7.8,7.8,7.8,7.7,7.7,7.8,7.8,7.7,7.7,7.7,8.3,7.6,7.7,7.6,7.7,7.7,7.6,7.7,7.8,7.8
2015-04-01,7.3,7.4,7.7,7.7,7.7,7.8,7.8,7.8,7.7,7.8,8,7.9,7.9,8,8.1,7.9,7.9,8,8,7.9,8,7.8,8,7.9,7.6,7.8,7.8,7.8,7.8,7.9,7.8,7.9,7.8,7.9,7.8,7.9,7.9,7.9,7.9,7.9,7.8,7.8,7.8,7.9,7.8,7.9,7.9,7.9,7.9,7.8,7.9,7.9,7.8,7.8,7.8,8,8,8.1,8,8.1,8,8,7.7,7.8,7.9,7.6,7.8,7.7,7.7,7.6,7.8,7.8,7.7,7.8,7.8,7.8,NA,NA,NA,NA,NA,NA,NA,NA,NA,NA,NA,NA,NA,NA,NA,NA,NA,NA
2015-05-01,7.4,7.6,7.7,7.7,7.7,8.2,8.2,8.2,8.1,8.2,8.1,8.2,8.2,8.2,8,8.1,8.2,8.2,8.2,8.1,8.2,8,8.1,8.2,8,8,8,8,8,8.1,8.2,8.2,8.2,8.2,8.1,8.2,8.2,8.2,8.2,8.2,8,8.1,8.4,8.3,8.4,8.3,8.2,8.2,8.2,8.1,8.2,8.2,8.2,8.1,8,7.9,8,8,8.1,8.1,8.1,8.2,7.7,8,8.1,7.8,7.8,7.8,7.8,7.8,8,8.1,8.1,8.1,8,8.1,8,8,8,8.1,8.1,8.2,8.3,8.2,8,7.8,7.9,7.8,7.9,7.8,7.5,7.9,8,8.1
2015-06-01,7.7,7.7,7.9,7.6,7.7,7.9,7.9,8,7.9,7.9,8.3,8.2,8.1,8,8,8.3,7.9,8.3,8.3,8.3,8.3,8.2,8.3,8.2,7.7,7.7,7.8,7.6,7.7,7.8,8.1,8.1,8,8.1,8.1,8.1,8.1,8.1,8.1,8.1,8.3,8.4,8.4,8.4,8.4,8.1,8.1,8,8.2,7.9,7.9,8.1,8.2,8.2,8.4,8.2,8.3,8.2,8.2,8.3,8.3,8.3,7.9,7.8,7.8,8,8,8,8,8,7.9,7.9,7.8,7.8,7.8,7.8,NA,NA,NA,NA,NA,NA,NA,NA,NA,NA,NA,NA,NA,NA,NA,NA,NA,NA
2015-07-01,6.8,7.3,7.5,7.6,7.7,8.3,8.4,8.4,8.3,8.2,8.5,8.3,8.3,8.3,8.3,8.4,8.3,8.5,8.4,8.4,8.4,8.4,8.3,8.3,7.9,8,7.9,7.9,7.8,7.9,8.3,8.4,8.3,8.3,8.3,8.3,8.4,8.4,8.4,8.6,8.2,8.4,8.2,8.3,8.1,8.8,8.8,8.6,8.1,8.5,8.4,8.8,8.8,8.2,8.1,8.3,8.3,8.3,8.3,8.3,8.3,8.3,8.2,8.1,8.1,8.1,8.1,8.1,8.1,8.1,8.1,8.2,8.3,8.2,8.1,8.1,8.2,8,8,8.1,8.3,8.3,8.3,8.4,8.2,7.8,8.1,7.9,8,7.9,7.8,8,8.2,8.3
2015-08-01,6.9,7.3,7.4,7.6,7.6,7.9,7.9,8.2,7.7,7.9,8.2,8,8,7.9,8,8.1,7.9,8.2,8,7.9,8,8.1,8.2,8,7.8,7.8,7.7,7.7,7.8,7.9,7.8,7.9,7.6,7.7,7.8,7.9,7.9,7.9,7.9,8,7.9,7.9,8.1,7.9,7.9,8,8,8,7.9,7.8,7.8,8,7.9,7.9,7.8,7.8,8,7.9,7.9,8,8,8,7.7,7.7,7.8,7.9,7.8,7.8,7.8,7.8,7.8,7.8,7,7.8,7.8,7.9,NA,NA,NA,NA,NA,NA,NA,NA,NA,NA,NA,NA,NA,NA,NA,NA,NA,NA
2015-09-01,7.2,7.5,7.6,7.7,7.9,8,8,8,8,8,8.3,8.2,8.1,8.1,8,8.3,8.1,8.4,8.3,8.3,8.3,8,8.3,8.1,7.9,7.9,7.9,7.8,7.9,8,8.1,8.1,8.1,8.1,8.1,8.2,8.1,8.1,8.1,8.1,8,8,8,8,7.9,8.2,8.2,8.1,8.1,8,8,8.1,8.1,8,7.8,8.1,8.3,8.2,8.1,8.2,8.1,8.1,7.8,7.8,7.8,7.7,7.8,7.7,7.7,7.7,7.7,7.8,7.9,7.8,7.8,7.8,8,7.7,7.9,8,8.1,8.1,8.1,8,8.1,7.7,7.9,7.8,7.9,7.8,7.6,7.9,8,7.9
2015-10-01,7.2,7.5,7.7,7.9,8,7.9,7.9,7.9,7.9,7.9,8,8,7.9,7.9,7.9,8,8,8,8.1,8.1,8,7.8,8,8,7.7,7.8,7.8,7.8,7.9,7.9,8,8,7.7,7.9,8,8,8,8.1,8,7.9,8.2,8.4,8.5,8.4,8.6,7.9,7.9,7.8,8.5,7.7,7.8,7.9,7.8,7.8,7.8,8.1,8,8.1,8,8.2,8.1,8,7.7,7.8,7.8,7.7,7.8,7.8,7.7,7.7,7.7,7.8,7.7,7.8,7.8,7.8,NA,NA,NA,NA,NA,NA,NA,NA,NA,NA,NA,NA,NA,NA,NA,NA,NA,NA
2015-11-01,7.1,7.5,7.8,7.9,8,7.8,7.8,7.8,7.7,7.8,8.3,7.9,7.9,7.9,7.6,8.2,7.8,8.2,8.2,8.2,8.2,8,8.2,7.9,7.6,7.7,7.7,7.7,7.8,7.9,7.8,7.8,7.7,7.8,7.8,7.8,7.8,7.8,7.8,7.8,7.7,7.7,7.7,7.7,7.7,7.8,7.9,7.8,7.8,7.6,7.8,7.8,7.8,7.8,8,7.7,7.9,7.9,7.8,7.9,7.9,7.9,7.6,7.9,7.9,8,7.8,7.8,7.8,7.8,7.8,7.8,7.9,8,7.9,8,7.8,7.5,7.7,7.6,7.8,7.9,7.7,7.6,7.8,7.6,7.7,7.6,7.6,7.6,7.4,7.7,7.8,7.6
2015-12-01,7.3,7.6,7.8,7.9,7.9,8.2,8.2,8.2,7.7,8.1,8.3,7.8,7.7,7.7,7.6,8.2,7.8,8.3,8.2,8.2,8.2,8.1,8.2,7.8,7.6,7.6,7.6,7.5,7.6,7.7,7.7,7.8,7.6,7.7,7.7,7.8,7.8,7.8,7.8,7.7,7.7,7.7,7.7,7.7,7.7,7.8,7.8,7.7,7.8,7.6,7.7,7.7,7.7,7.7,7.7,7.7,7.8,7.8,7.8,7.8,7.9,7.8,7.7,7.6,7.6,7.6,7.7,7.6,7.6,7.6,7.6,7.7,7.7,7.6,7.6,7.7,NA,NA,NA,NA,NA,NA,NA,NA,NA,NA,NA,NA,NA,NA,NA,NA,NA,NA
2016-01-01,7.8,8,8.1,8.2,8.2,7.6,7.6,7.6,7.6,7.6,8,7.7,7.7,7.7,7.6,7.8,7.8,8,7.9,7.9,7.9,7.8,8,7.8,8.2,8.3,8.4,7.7,7.8,7.9,7.6,7.6,7.6,7.6,7.6,7.6,7.6,7.6,7.6,7.7,7.6,7.6,7.6,7.6,7.7,7.7,7.7,7.7,7.7,7.5,7.6,7.7,7.7,7.7,7.6,7.9,8.1,8,7.9,7.9,7.8,7.7,7.4,7.5,7.5,7.4,7.6,7.5,7.5,7.5,7.4,7.5,7.6,7.5,7.6,7.6,7.6,7.3,8.3,7.6,7.6,7.6,7.6,7.6,8,8,8.2,8.1,8.2,8.2,7.9,8.3,7.6,7.4
2016-02-01,7,7.1,7.3,7.5,7.7,8,8,8,7.9,8,8.2,7.6,7.7,7.6,7.6,8.1,7.6,8.4,8.2,8.1,8.1,7.5,8.2,7.6,7.3,7.4,7.3,7.3,7.3,7.4,7.6,7.6,7.5,7.5,7.6,7.7,7.6,7.7,7.6,7.8,7.5,7.5,7.5,7.6,7.6,7.9,7.9,7.7,7.6,7.5,7.7,7.7,7.7,7.7,7.5,7.8,7.8,7.8,7.7,7.7,7.8,7.7,7.5,7.6,7.6,7.6,7.6,7.6,7.6,7.6,7.5,7.6,7.6,7.6,7.5,7.6,NA,NA,NA,NA,NA,NA,NA,NA,NA,NA,NA,NA,NA,NA,NA,NA,NA,NA
2016-03-01,7.2,7.4,7.7,7.8,8,7.8,7.8,7.8,7.7,7.7,8.2,7.6,7.9,7.8,7.7,8.2,7.9,8.3,8.3,8.3,8.2,8.2,8.2,7.7,8.1,8.2,8.2,8.1,8.3,8.3,8.2,8.3,8,8.1,8.2,8.2,8.3,8.3,8.2,8.5,8,8,8.1,8.1,8.1,8.5,8.4,8.4,8.1,8.2,8.4,8.3,8.5,8.4,8.3,8,8.1,8.1,8.1,8.2,8.1,8.2,8.2,8.2,8.3,8.2,8.2,8.2,8.2,8.2,8.2,8.2,8.3,8.3,8.3,8.3,7.8,7.7,8.1,8,8.2,8.1,8,8.1,8.1,7.9,7.9,7.9,8,8,7.9,8.1,8.3,8.3
2016-04-01,7,7,7.4,7.4,7.5,8,8,8.1,7.9,7.9,8,8,8.1,8.2,8.1,8.1,8.1,8,8.1,8.2,8.1,7.9,8,8,7.9,7.8,7.8,7.6,7.6,7.9,7.9,8,8.1,7.9,7.9,7.9,8,8,8,8.2,7.9,7.9,7.9,8,8,8,8.1,8,8,8.1,7.9,8,8,8,8,8,8,8,8,8,8,8,8,7.9,8,7.8,7.9,8,7.9,8,8,7.9,8.1,8,8,8,NA,NA,NA,NA,NA,NA,NA,NA,NA,NA,NA,NA,NA,NA,NA,NA,NA,NA
2016-05-01,6.9,6.9,7.2,7.3,7.2,7.6,7.6,7.7,7.6,8,7.7,7.5,7.5,7.6,7.6,7.7,7.6,7.7,7.7,7.7,7.7,7.6,7.7,7.6,7.5,7.5,7.5,7.4,7.5,7.6,7.6,7.6,7.6,7.6,7.6,7.5,7.6,7.6,7.5,7.7,7.6,7.7,7.8,7.8,7.9,7.7,7.7,7.6,7.8,8,7.7,7.6,7.7,7.7,8,8,7.7,7.7,7.7,7.7,7.7,7.7,7.9,7.9,8,7.9,7.9,7.9,7.9,7.9,7.9,8,8,8,8,8,7.6,7.6,7.5,7.6,7.6,7.6,7.8,7.7,7.7,7.2,7.4,7.5,7.4,7.3,7.2,7.4,7.5,7.6
2016-06-01,7.1,7.2,7.6,7.5,7.6,7.8,7.8,7.8,7.9,7.8,8.4,7.2,7,6.9,6.7,8.2,7.2,8.2,8.3,8.3,8.2,8.1,8.2,7.2,8,7.9,7.9,7.8,7.8,7.7,8.1,8.4,8,8.1,8.1,8.2,8.2,8.4,8.2,8.3,8.5,8.6,8.3,8.5,8.4,8.4,8.3,8.3,8,8,8.1,8.3,8.3,8.2,8.1,8,8.3,8.2,8.3,8.2,8.2,8.3,7.9,8,8,8,8,8,8,8,8,8,8,8,8,8,NA,NA,NA,NA,NA,NA,NA,NA,NA,NA,NA,NA,NA,NA,NA,NA,NA,NA
2016-07-01,6.6,6.7,7,7.2,7.2,7.9,7.7,7.9,8.1,7.9,7.7,8.5,8.4,8.2,8.1,7.9,8.4,7.8,7.8,7.8,7.9,7.9,7.9,8.3,7.7,7.7,7.7,7.5,7.7,7.8,8,8.1,8,8,8,8.1,8.1,8.1,8.1,7.9,8.4,8.1,8.4,8.5,8.4,7.9,7.9,7.8,8.4,7.6,7.7,8.1,7.9,8,7.5,7.8,8,7.9,8.1,8.1,8.1,8.1,7.2,7.3,7.3,7.4,7.4,7.4,7.4,7.5,7.5,7.5,7.6,7.3,7.3,7.3,7.9,7.9,7.5,7.9,8,8.1,8.4,8.5,8,7.5,7.5,7.5,7.5,7.5,7.8,7.5,7.6,7.6
2016-08-01,7,7.2,7.3,7.4,7.6,7.8,7.9,7.8,7.8,7.9,8.1,8.3,8.2,8.1,8,8.1,8.1,8.1,8.1,8.1,8.1,8,8.2,8.2,8,8,8,8.1,8.1,8.2,8,8,7.9,8,7.9,8,8,8,8,8.2,7.9,7.9,8,8.1,8.1,8.5,8.3,8.2,8,7.8,7.9,8.5,8.4,8.1,7.8,8.2,8.5,8.4,8.2,8.3,8.3,8.1,7.8,7.8,7.8,7.8,7.8,7.8,7.8,7.8,7.8,7.8,7.8,7.8,7.8,7.8,NA,NA,NA,NA,NA,NA,NA,NA,NA,NA,NA,NA,NA,NA,NA,NA,NA,NA
2016-09-01,7.1,7.3,7.4,7.5,7.6,8.2,8.3,8.3,8.3,8.1,8.1,8.1,8.1,8.1,8.1,7.9,8,8.1,7.9,7.9,7.9,7.8,8,8,7.7,7.7,7.7,7.7,7.8,7.9,8.1,8.2,8,8.1,8.1,8.2,8.2,8.2,8.2,8.1,8,8.1,8.1,8.1,8.1,7.9,8,7.9,8.2,7.8,7.9,7.8,7.9,7.8,7.8,7.8,7.7,7.7,7.7,7.8,7.9,7.9,7.7,7.8,7.8,7.7,7.7,7.5,7.5,7.5,7.5,7.6,7.9,7.8,7.8,7.8,8.2,8,7.7,8,8.1,8.1,8.1,8.1,7.6,7.9,8,7.9,8,8,8.1,8,7.9,7.7
2016-10-01,6.8,7,7.3,7.4,7.6,8,8,8,7.9,8,8.2,8.1,8.1,8.1,8.1,8.2,8.1,8.2,8.2,8.2,8.2,8,8.2,8.1,7.8,7.9,7.8,7.8,7.8,8,8,8,7.9,8,8,8,8,8,8,8,8.1,8.1,8,8,8,8.1,8,8,8,7.9,7.9,8,8,8,7.9,7.7,7.9,7.8,7.7,7.8,7.9,7.8,7.8,7.8,7.8,7.8,7.9,7.8,7.8,7.8,7.8,7.8,7.9,7.8,7.9,7.8,NA,NA,NA,NA,NA,NA,NA,NA,NA,NA,NA,NA,NA,NA,NA,NA,NA,NA
2016-11-01,7,7.1,7.3,7.4,7.5,7.7,7.7,7.7,7.7,7.7,7.7,8,8,8,7.9,7.7,8,7.7,7.7,7.7,7.7,7.5,7.7,8,7.7,7.8,7.8,7.8,7.8,7.9,7.9,8,7.8,7.9,7.9,7.9,8,8,7.9,7.9,7.7,7.7,7.7,7.7,7.7,8,8,7.9,7.8,7.8,7.9,7.9,8,7.9,7.9,7.3,7.6,7.6,7.6,7.7,7.4,7.6,7.8,7.8,7.8,7.8,7.9,7.9,7.9,7.9,7.9,7.9,8,7.9,7.9,7.9,7.6,7.6,7.8,7.6,7.9,7.9,7.6,7.7,7.6,7.7,7.8,7.7,7.7,7.7,7.2,7.8,7.8,7.7
2016-12-01,7.3,7.6,7.8,8,8.1,8.2,8.1,8.2,8.2,8.2,8.2,8.1,8.1,8,7.9,8.2,8.1,8.2,8.2,8.2,8.2,8.2,8.2,8.1,7.8,7.9,7.9,7.9,8,8,8.2,8.1,8,8.1,8.2,8.2,8.1,8.1,8.1,8.1,8.2,8.2,8.1,8.1,8,8.1,8.1,8,8.1,8,7.9,8.1,8.1,8.1,8,8,8.1,8.1,8,8.1,8.1,8.1,7.9,8,8,8,8,8,8,8,8,8,8,8,8,8,NA,NA,NA,NA,NA,NA,NA,NA,NA,NA,NA,NA,NA,NA,NA,NA,NA,NA
2017-01-01,7.1,7.3,7.7,7.8,7.9,8.1,8.2,8.2,8.1,8.1,8.2,8.1,8,8,8,8.1,8,8.2,8.2,8.2,8.2,8,8.3,8.1,8.1,8.3,8.3,8.1,8.2,8.3,7.9,8,7.8,7.9,7.9,7.9,8,8,7.9,8.2,7.9,8,8.1,8.1,8.2,8.2,8.2,8.2,8.2,7.8,8.1,8.2,8.2,8.1,7.9,7.7,8,7.9,8,8.1,8.1,8.2,8,8.1,7.9,8.1,8.1,8.1,8.1,8.1,8.1,8.1,7.9,7.9,7.9,7.9,8.1,8,8.2,7.7,7.9,7.9,8,8,7.9,7.8,7.9,7.7,7.8,7.8,7.3,7.9,8,8.1
2017-02-01,7,7.3,7.6,7.8,7.9,8,8,8,7.9,8,8.1,7.7,7.7,7.7,7.6,8,7.7,8.2,8.1,8.1,8.1,8,8.1,7.7,7.5,7.6,7.6,7.6,7.6,7.6,7.9,7.9,7.9,7.9,7.9,7.8,7.9,7.9,7.9,7.8,7.6,7.6,7.6,7.6,7.6,7.8,7.8,7.7,7.6,7.6,7.6,7.8,7.8,7.8,7.8,7.7,7.7,7.8,7.7,7.7,7.7,7.8,7.1,7.2,7.7,7.2,7.2,7.2,7.2,7.2,7.2,7.1,7.7,7.7,7.8,7.8,NA,NA,NA,NA,NA,NA,NA,NA,NA,NA,NA,NA,NA,NA,NA,NA,NA,NA
2017-03-01,7.2,7.6,7.8,7.8,7.8,7.8,7.8,7.8,7.8,7.8,8,7.9,7.7,7.7,7.6,8,7.7,8,8,8.1,8,7.9,8.1,7.7,7.8,7.9,7.9,7.8,7.9,7.9,7.8,7.8,7.7,7.8,7.8,7.8,7.8,7.8,7.8,7.8,7.6,7.7,7.7,7.7,7.7,7.7,7.8,7.7,7.7,7.6,7.7,7.7,7.7,7.7,7.6,7.6,7.8,7.7,7.7,7.7,7.7,7.8,7.7,7.6,7.6,7.5,7.7,7.7,7.7,7.6,7.6,7.6,7.7,7.6,7.7,7.6,7.7,7.6,7.8,7.6,7.8,7.7,7.7,7.7,7.7,7.5,7.6,7.5,7.6,7.6,7.6,7.6,7.7,7.5
2017-04-01,7.1,7.2,7.9,7.8,7.7,8.1,8.1,8.1,7.9,8,8,8.1,8,8.1,8.1,8.1,8,8.1,8.1,8.1,8.1,8,8.2,8,7.8,7.9,7.9,7.9,7.9,8,8,7.8,8,8,8.1,8,8.1,8.1,7.9,8.2,7.5,7.5,7.6,7.7,8.1,8.2,8.2,8.2,8,7.8,8,8.1,8.2,8.1,7.9,7.8,8,8,7.9,8,8,8,8,8,7.8,8,8,8,8,8,8,8,7.9,7.9,7.9,7.8,NA,NA,NA,NA,NA,NA,NA,NA,NA,NA,NA,NA,NA,NA,NA,NA,NA,NA
2017-05-01,7.9,8,8.2,8,7.9,8.3,8.3,8.3,8.2,8.3,8.2,8.2,8.1,8.1,8,8.1,8.2,8.3,8.2,8.1,8.1,7.9,8.2,8.2,7.8,7.8,7.8,7.8,7.9,7.9,7.9,8,7.9,8,7.9,8,8,8,7.9,8,8.1,8.1,8.2,8.3,8.3,8,8,8,8.3,7.8,7.9,7.9,7.9,7.9,7.8,8.2,8.3,8.2,8.2,8.2,8.2,8.3,7.7,7.8,8.2,7.8,7.8,7.8,7.8,7.9,7.8,7.9,7.9,7.9,7.9,7.9,8.1,7.9,7.9,7.8,7.9,8,8.1,8.2,8.2,7.9,8,7.9,8,8,7.8,8,7.8,7.7
2017-06-01,7.2,7.5,7.7,7.6,7.9,8.2,8.2,8.3,8.2,8.2,8,8.2,8.2,8.2,8.1,8.1,8.2,8.1,8.1,8.1,8.1,7.9,8.1,8.2,7.7,7.7,7.7,7.4,7.5,7.6,8.1,8,8,8.1,8.1,7.9,8,8,8,8.2,7.8,7.9,7.9,8,8,8.3,8.2,8.3,8,7.8,8.2,8.3,8.3,8.3,7.9,7.8,7.9,7.9,7.9,8,7.9,8,8,8,7.9,8.1,8,8.1,8.1,8.1,8.1,8,7.9,7.9,7.9,7.9,NA,NA,NA,NA,NA,NA,NA,NA,NA,NA,NA,NA,NA,NA,NA,NA,NA,NA
2017-07-01,7,7.2,7.2,7.4,7.4,7.8,7.9,7.9,7.9,7.9,8.2,8.1,8.2,8.2,8.1,8.2,8.2,8.2,8.3,8.4,8.4,8.1,8.1,8.2,7.6,7.6,7.6,7.5,7.5,7.6,8.3,8.2,8.3,8.4,8.3,8.2,8.3,8.3,8.3,8.2,7.8,8,8.1,8.2,8.1,8.4,8.2,8.2,8.1,8,8.3,8.3,8.4,8.3,8.1,8.1,8.3,8.3,8.4,8.4,8.3,8.2,7.7,7.7,7.8,7.9,7.9,8,7.9,7.9,8,7.8,8.3,8.1,8,7.9,8,7.5,7.6,8.3,8.3,7.9,8.1,8.2,8.3,7.9,8.2,8,8.1,8.1,7.5,7.9,8.1,8
2017-08-01,7.2,7.3,7.6,7.7,7.7,7.9,7.9,8,8,7.9,8.3,8.5,8.4,8.3,8.2,8.2,8.3,8.4,8.3,8.2,8.2,8.2,8.3,8.5,7.6,7.8,7.8,7.8,7.8,8,8.2,8.3,8.2,8.2,8.1,8.1,8.2,8.3,8.3,8.5,8.2,8.6,8.6,8.5,8.4,8.7,8.6,8.4,8.1,8,8.4,8.7,8.5,8.1,7.9,8.3,8.2,8.3,8.2,8.2,8.2,8.2,8,7.9,7.9,7.9,8,7.9,8,8,8,8,8.1,7.9,7.9,7.9,NA,NA,NA,NA,NA,NA,NA,NA,NA,NA,NA,NA,NA,NA,NA,NA,NA,NA
2017-09-01,6.8,6.9,7.1,7.2,7.3,7.8,7.9,8,7.8,7.8,8.1,8.1,8.1,8.1,8,8,8.1,8.1,8.1,8.1,8,7.9,8.1,8.1,7.7,7.7,7.7,7.6,7.7,7.7,8.1,8.1,8.1,8.1,8,8.1,8.1,8.1,8.1,8.1,7.8,7.9,8,8.1,8.1,8.1,8,8,8,7.9,8,8.1,8,8.1,7.8,7.9,8,8,8,8.1,8.1,8.1,7.7,7.7,7.8,7.7,7.5,7.3,7.7,7.7,7.6,7.7,7.9,7.8,7.8,7.8,7.8,7.7,7.7,8,8,8,7.9,8,8,7.8,7.9,7.8,7.9,7.9,8,8,7.9,7.8
2017-10-01,7.2,7.2,7.5,7.5,7.7,7.8,7.8,7.8,7.7,7.7,8,7.8,7.8,7.8,7.8,7.9,7.8,7.9,8,8,7.9,7.9,8,7.8,7.9,7.9,7.9,7.8,7.8,7.9,7.9,7.8,7.9,7.9,7.9,7.8,7.8,7.8,7.9,7.8,7.6,7.7,7.8,7.8,7.8,7.8,7.8,7.8,7.8,7.9,7.7,7.8,7.8,7.8,7.9,7.6,7.8,7.8,7.9,7.8,7.8,7.8,8,7.9,7.9,7.9,8,8,7.9,7.9,7.9,7.9,8,7.9,7.9,7.9,NA,NA,NA,NA,NA,NA,NA,NA,NA,NA,NA,NA,NA,NA,NA,NA,NA,NA
2017-11-01,7.4,7.5,7.6,7.7,7.8,8,8,8,8,8,7.8,8.1,8.1,8.1,8,7.8,8.1,7.8,7.8,7.8,7.8,7.8,7.8,8.1,7.8,7.9,7.9,7.9,8,7.9,7.9,7.9,7.8,7.9,7.9,7.9,7.9,7.9,7.9,7.9,7.9,7.9,7.9,7.9,7.9,8,8,7.9,8,7.9,7.9,8,7.9,7.9,7.9,8.2,8.2,8.3,8.1,8.3,8.3,8.2,7.9,7.8,7.8,7.8,8,7.9,7.9,7.9,7.9,7.8,7.9,7.9,7.9,7.9,8,7.9,7.8,7.7,7.9,7.8,7.9,7.9,8.2,7.8,8,7.8,8,8,8,8,7.9,7.9
2017-12-01,7.2,7.4,7.5,7.6,7.8,8,8,8,8,8,7.9,7.9,7.9,7.9,7.8,8,7.9,7.9,7.9,7.9,7.9,7.9,7.9,7.9,7.7,8,8,8,8,8,8.1,8,7.9,8,8,8,8,8,8,7.9,7.7,7.8,7.8,7.9,7.9,7.9,7.9,7.9,7.9,7.8,7.8,7.9,7.9,7.9,7.8,8,8,8,7.9,8,8,7.9,7.8,7.8,7.8,7.7,7.8,7.8,7.7,7.7,7.8,7.7,7.9,7.8,7.8,7.8,NA,NA,NA,NA,NA,NA,NA,NA,NA,NA,NA,NA,NA,NA,NA,NA,NA,NA
2018-01-01,7.3,7.6,7.7,7.8,7.8,8.1,8.1,8.1,8.1,8.1,8.1,8.2,8.2,8.1,8,8,8.2,8.1,8.1,8.1,8,7.9,8.2,8.2,8.1,8,8,8,8.1,8.1,8.3,8.3,8.2,8.3,8.3,8.4,8.3,8.3,8.3,8.2,8.2,8.2,8.1,8.1,8,8.2,8.2,8.2,8.1,8,8.1,8.2,8.2,8.2,8.2,7.9,8,8,7.9,8,8,8,8,8.2,8.2,8.2,8.2,8.2,8.2,8.2,8.2,8.2,8.2,8.2,8.2,8.2,8.1,8,8,8.2,8.3,8.3,8.1,8.1,7.9,7.9,8,7.9,8,8,7.7,8,8.1,8.1
2018-02-01,7,7,7.2,7.5,7.6,7.7,7.7,7.7,7.7,7.7,7.7,7.7,7.7,7.7,7.7,7.7,7.7,7.8,7.8,7.7,7.7,7.7,7.8,7.7,8.1,8.1,8.1,8.2,8.2,8.2,7.7,7.7,7.7,7.7,7.7,7.6,7.7,7.7,7.7,7.7,7.6,7.6,7.6,7.6,7.7,7.7,7.7,7.7,7.7,7.6,7.6,7.7,7.7,7.7,7.7,7.6,7.7,7.7,7.6,7.7,7.7,7.8,7.6,7.6,7.7,7.6,7.6,7.6,7.6,7.6,7.6,7.6,7.7,7.7,7.7,7.7,NA,NA,NA,NA,NA,NA,NA,NA,NA,NA,NA,NA,NA,NA,NA,NA,NA,NA
2018-03-01,6.9,7,7.2,7.8,7.7,8.2,8.3,8.3,8.2,8.2,7.7,7.6,7.6,7.6,7.6,7.7,7.7,7.8,7.7,7.7,7.8,7.6,7.7,7.6,8.1,8.2,8.1,8.2,8.3,8.2,7.8,7.8,7.8,7.8,7.8,7.7,7.8,7.7,7.8,7.6,7.6,7.6,7.6,7.6,7.7,7.7,7.6,7.7,7.7,8.1,7.7,7.7,7.7,7.8,8.1,8.1,8.2,8.2,8.2,8.2,8.2,8.3,8,8,8.1,7.9,8,8,7.9,7.9,7.9,8,8.1,8.1,8.1,8.1,8.2,8,8.1,7.8,7.8,7.7,7.6,7.6,8.2,7.5,7.5,7.4,7.5,7.5,7.4,7.6,7.6,7.6
2018-04-01,7.1,7.6,7.6,7.6,7.7,8.1,8.1,8.1,8,8.1,7.8,8.1,8.1,8.1,8.1,7.7,8.2,7.8,7.8,7.7,7.7,7.7,7.8,8.1,8,8,8.1,8,8,8.3,8.1,8.2,7.5,8.1,8.1,8.1,8.1,8.2,8.1,8.2,8.1,8.1,8.1,8.1,8.1,8.2,8.2,8.1,8.2,7.9,8.1,8.2,8.2,8.2,7.9,8.2,8.3,8.3,8.2,8.2,8.2,8.2,7.9,7.9,7.9,7.9,7.9,7.9,7.9,7.8,7.8,7.9,7.9,7.9,7.9,7.9,NA,NA,NA,NA,NA,NA,NA,NA,NA,NA,NA,NA,NA,NA,NA,NA,NA,NA
2018-05-01,6.9,7.3,7.6,7.6,7.7,8.2,8.2,8.3,8.2,8.2,7.7,7.8,7.8,7.8,7.8,7.8,7.8,7.8,7.8,7.8,7.8,7.7,7.8,7.8,7.7,7.7,7.7,7.7,7.7,7.8,7.8,7.8,7.8,7.8,7.7,7.8,7.8,7.8,7.8,8,8.2,8.2,8.3,8.3,8.2,8.2,8.1,7.9,8.2,8.1,7.7,8.1,8.1,7.9,8.1,8.3,8.4,8.3,8.3,8.3,8.3,8.3,8.1,8.1,8,8,8.1,8.1,8.1,8,8.1,8.1,8.2,8.1,8.1,8.1,8.2,8.1,7.6,7.8,7.7,7.8,8.3,8.3,8.3,7.4,7.6,7.5,7.6,7.6,7.7,7.6,7.8,7.7
2018-06-01,6.9,6.9,7.1,7.1,7.4,8,8,8.1,8,8,7.7,8.2,8.2,8.1,8.1,7.7,8.2,7.8,7.7,7.7,7.7,7.7,7.7,8.2,7.9,7.9,7.9,7.8,7.9,7.9,8.2,8.2,8.1,8.2,8.1,8.2,8.2,8.2,8.2,8.2,8,8.2,8.3,8.2,8.2,8.3,8.3,8.1,8.2,8,8,8.2,8.2,8.2,8,7.9,7.9,7.9,7.9,7.9,7.9,7.9,7.9,7.9,7.9,7.9,7.9,7.9,7.9,7.9,7.9,7.9,8,7.9,7.9,7.9,NA,NA,NA,NA,NA,NA,NA,NA,NA,NA,NA,NA,NA,NA,NA,NA,NA,NA
2018-07-01,7.2,7.3,7.4,7.5,7.6,8.1,8.1,8.2,8.2,8.1,8,8.2,8.2,8.2,8.2,7.9,8.2,7.9,7.9,7.9,7.9,7.8,7.9,8.2,8.2,8.2,8.1,8.1,8.4,8.4,8.2,8.2,8.2,8.2,8.2,8.3,8.3,8.3,8.2,8.2,8.4,8.3,8.4,8.4,8.4,8.1,8.2,8.2,8.3,8,8.1,8.1,8.1,8.1,8,8.2,8.2,8.2,8.2,8.2,8.2,8.2,7.9,7.9,7.9,8,8,7.9,7.9,8,8,8,8,7.9,8,8,8.2,8.1,8.3,8.1,8.2,8.2,8.3,8.4,8.2,7.9,8,7.8,8,8.1,7.9,7.9,8.1,8.1
2018-08-01,7.1,7.2,7.3,7.4,7.7,8.1,8.1,8.3,8.3,8.3,8,8.2,8.2,8.2,8.2,8,8.2,8,8.1,8,8,8,8,8.2,7.8,7.9,7.8,7.8,7.9,7.9,8.2,8.1,8.1,8.1,8.1,8.1,8.1,8.2,8.1,8.2,7.9,7.9,8,8,8,8.2,8.3,8.1,8.1,8.4,8.1,8.1,8.2,8.2,8.2,8.4,8.6,8.5,8.6,8.5,8.5,8.3,8.1,7.9,8,8.2,8.2,8.2,8.2,8.2,8.1,8.2,8.3,7.9,8,8,NA,NA,NA,NA,NA,NA,NA,NA,NA,NA,NA,NA,NA,NA,NA,NA,NA,NA
2018-09-01,7.1,7.2,7.4,7.4,7.6,8.2,8.2,8.3,8.4,8.1,8.1,8.5,8.5,8.4,8.5,8.1,8.6,8.1,8.1,8.1,8.1,8,8.1,8.4,8,7.9,7.9,7.8,7.8,7.9,8.5,8.6,8.5,8.5,8.5,8.5,8.5,8.5,8.6,8.3,8.1,8.1,8.1,8.2,8.2,8.3,8.3,8.3,8.3,8,8.2,8.2,8.1,8.1,7.9,8.5,8.6,8.6,8.6,8.6,8.5,8.5,7.8,7.8,7.9,7.8,7.8,7.8,7.8,7.8,7.8,7.9,8,7.9,7.9,7.9,8.4,8.1,7.7,8.5,8.5,8.4,8.1,8.1,8.4,8.2,8.3,8.1,8.3,8.3,8.2,8.3,8.2,8.1
2018-10-01,7.5,7.4,7.6,7.7,7.8,7.9,7.9,7.9,7.9,7.9,8,8.3,8.3,8.3,8.2,8,8.3,8,7.9,8,8,8,8.1,8.3,8.1,8.2,8.2,8,8.1,8.2,8.2,8.3,8.1,8.2,8.2,8.3,8.3,8.3,8.2,8,8,8,8,8,8.1,8,8,8,8,8,8,8,8,8,8.1,8.4,8.4,8.4,8.3,8.4,8.3,8.3,7.9,8.1,8.1,8.1,8,7.9,7.9,7.9,8.1,8.1,8.1,8.1,8.1,8.1,NA,NA,NA,NA,NA,NA,NA,NA,NA,NA,NA,NA,NA,NA,NA,NA,NA,NA
2018-11-01,7.5,7.5,7.7,7.8,7.9,7.8,7.8,7.8,7.8,7.8,7.9,7.9,7.9,7.8,7.8,7.9,7.9,7.9,7.9,7.9,7.9,7.9,7.9,7.9,7.9,7.9,8,7.9,7.9,8,7.8,7.9,7.8,7.9,7.8,7.8,7.9,7.9,7.9,7.9,7.8,7.7,7.7,7.8,7.8,7.9,7.9,7.9,7.8,7.9,7.9,7.9,7.9,7.9,7.9,7.8,8,7.9,7.9,7.9,8,8,7.9,7.9,7.8,7.9,7.9,7.9,7.9,7.9,7.9,7.9,7.9,7.9,7.9,7.9,7.8,7.8,7.9,7.8,7.8,7.8,7.7,7.7,7.9,7.5,7.7,7.6,7.7,7.8,7.7,7.8,7.8,7.8
2018-12-01,7.4,7.3,7,7.6,7.7,7.8,7.8,7.8,7.8,7.7,7.8,8.1,8.1,8.1,8.1,7.8,8.1,7.8,7.8,7.9,7.9,7.8,7.8,8.1,7.8,7.9,7.9,7.8,7.9,8,8,8.1,8,8,8,8,8,8.1,8,8,7.8,7.9,7.9,8,8,8,8,8,8,7.8,8,8,8,8,7.8,8.1,8.2,8.1,8.1,8.1,8.1,8.1,7.7,8,7.8,7.9,7.7,7.7,7.9,8,8,8,7.8,7.8,7.8,7.8,NA,NA,NA,NA,NA,NA,NA,NA,NA,NA,NA,NA,NA,NA,NA,NA,NA,NA
2019-01-01,7.3,7.4,7.6,7.7,7.7,8,8,8,8,8,7.9,8,8,8,8,7.8,8,7.9,7.9,7.8,7.8,7.8,7.9,8.1,7.9,7.9,7.9,8,8,8,8,8,8,8,8,8,8,8,8,8,8,8,8,8,8,8,8,8,8,8,8,8,8,8,8.1,8.1,8,8,8,8.1,8.1,8.1,7.9,8,8,8,8,8,8,8,8,8,8.1,8,8,8,8,7.9,7.9,8,8,7.9,8,8,8,7.8,7.9,7.8,7.9,7.9,7.9,8,8,7.9
2019-02-01,7.3,7.3,7.5,7.7,7.8,8.1,8.1,8.2,8.1,8.1,8,8,8.1,8.1,8,8,8.1,8,8.1,8,8.1,8.1,8,8.1,8,7.9,8,7.9,7.9,8,8.1,8,8.1,8.1,8.1,8,8.1,8.1,8,8.1,8,8.1,8.1,8.1,8.1,8.1,8.1,8.1,8.1,8,8,8.1,8.1,8.2,8,8,8.1,8.1,8,8.1,8.2,8.1,7.9,8,8,8,8,8,8,8,8,8,8,8,8,8,NA,NA,NA,NA,NA,NA,NA,NA,NA,NA,NA,NA,NA,NA,NA,NA,NA,NA
2019-03-01,7.4,7.6,7.8,8,8,7.8,7.9,7.9,7.8,7.9,8.2,8,8,7.9,7.9,8.2,8,8.2,8.2,8.2,8.2,8.1,8.2,8,8.1,8.2,8.2,8.1,8.1,8.3,8.1,8.1,8.1,8.2,8.1,8.1,8.2,8.2,8.1,8.2,8,8,8,8.1,8.1,8.2,8.2,8.2,8.1,7.9,8.1,8.2,8.2,8.2,7.8,8,8,8,7.9,8,8,8,8,8.1,7.8,8.1,8.1,8.1,8,8,8.1,8.1,7.9,7.8,7.9,7.8,7.8,7.8,8.1,8.1,8.1,8.1,8,8,7.9,7.7,7.8,7.6,7.7,7.8,7.8,7.8,8.1,8.1
2019-04-01,7.5,7.7,7.8,7.7,7.9,8.3,8.3,8.3,8.2,8.3,8.2,7.9,7.9,7.9,7.9,8.2,7.9,8.2,8.2,8.2,8.2,8.1,8.2,7.9,7.8,7.9,7.8,7.8,7.8,7.9,7.9,7.9,7.9,7.9,7.9,7.9,7.9,7.9,7.9,7.9,8.1,8.2,8,8,8,8,8,7.9,7.9,8,7.9,7.9,7.9,7.9,7.9,7.9,8,8,8,8,8,8,7.9,7.9,7.9,7.9,7.9,7.9,7.9,7.9,7.9,8,7.9,7.9,7.9,7.9,NA,NA,NA,NA,NA,NA,NA,NA,NA,NA,NA,NA,NA,NA,NA,NA,NA,NA
2019-05-01,7.7,7.8,7.9,8,8.1,7.7,7.7,7.8,7.8,7.8,8.2,7.9,7.9,7.8,7.8,8.2,7.8,8.2,8.2,8.2,8.2,8.1,8.2,7.9,8.1,7.9,7.8,8,8,8,7.8,7.8,7.8,7.8,7.8,7.7,7.8,7.8,7.8,7.7,7.9,7.9,8,8,8.2,7.8,7.8,7.7,8,7.7,7.7,7.8,7.8,7.7,7.7,7.8,7.8,7.8,7.7,7.8,7.8,7.8,7.7,7.7,7.7,7.6,7.7,7.7,7.7,7.7,7.7,7.6,7.7,7.7,7.7,7.7,7.8,7.7,8,7.8,7.8,7.7,8,8,7.7,7.5,7.7,7.6,7.7,7.7,7.3,7.7,7.7,7.7
2019-06-01,7.5,7.5,7.7,7.7,7.7,8,8,8.1,7.6,7.6,7.8,8,7.7,7.7,7.7,7.8,7.7,7.8,7.8,7.8,7.8,7.7,7.8,7.9,7.6,7.5,7.5,7.4,7.5,7.6,7.7,7.8,7.8,7.8,7.7,7.7,7.8,7.8,7.8,7.8,7.7,7.8,7.9,7.8,7.7,7.9,7.9,7.7,7.8,7.8,7.7,7.9,7.8,7.8,7.7,7.7,7.7,7.8,7.7,7.8,7.8,7.8,7.6,7.6,7.6,7.6,7.6,7.6,7.5,7.5,7.6,7.6,7.7,7.6,7.6,7.6,NA,NA,NA,NA,NA,NA,NA,NA,NA,NA,NA,NA,NA,NA,NA,NA,NA,NA
2019-07-01,7.8,8,8,7.9,7.8,8.6,8.6,8.6,8.7,8.6,8.3,7.8,7.9,7.7,7.8,8.3,7.8,8.3,8.3,8.3,8.3,8.2,8.3,8.1,8.7,8.7,8.7,8.7,8.7,8.9,9.1,9,9.1,9.1,9.1,9,9.1,9.1,9,8.1,7.8,7.9,7.8,7.5,7.6,8.3,8.2,8,7.6,8,8,8,8.1,7.8,8.1,8.8,8.8,8.8,8.8,8.8,8.9,8.9,8.3,8.3,7.5,8.5,8.4,8.3,8.3,8.4,8.5,8.5,8,7.7,7.6,7.5,8.6,8.5,8.7,9,9.1,9,7.8,8,8.8,7.4,7.4,7.5,7.4,7.5,7.5,7.4,7.9,7.8
2019-08-01,7.3,7.4,7.7,7.7,7.8,8.1,8.2,8.2,8,8.2,8.2,8.4,8.6,8.5,8.6,8.3,8.6,8.2,8.3,8.2,8.2,8.3,8.3,8.6,8,8,8,8,8,8.1,8.2,8.1,8.1,8.1,8.1,8.1,8.1,8.1,8.2,8.3,8.2,8.3,8.3,8.4,8.2,8.4,8.4,8.4,8.2,8,8.2,8.3,8.3,8.2,7.9,8.4,8.4,8.5,8.4,8.4,8.3,8.3,7.9,7.9,8,7.9,7.9,7.9,7.9,7.9,7.9,7.9,8,7.9,7.9,8,NA,NA,NA,NA,NA,NA,NA,NA,NA,NA,NA,NA,NA,NA,NA,NA,NA,NA
2019-09-01,7.3,7.7,7.8,8,8.1,8.2,8.3,8.3,8.3,8.3,8.3,8.3,8.3,8.3,8.3,8.3,8.3,8.4,8.3,8.3,8.3,8.3,8.4,8.3,7.9,7.9,7.9,7.9,7.8,8.1,8.2,8.2,8.2,8.2,8.2,8.2,8.3,8.3,8.2,8.2,8,8.1,8,8.1,8.1,8.2,8.2,8.2,8.1,8.4,8.1,8.2,8.2,8.1,8.3,8.4,8.4,8.4,8.4,8.4,8.4,8.4,8.2,8.2,8.4,8.2,8.2,8.2,8.2,8.3,8.2,8.2,8.4,8.3,8.2,8.3,8.3,8.1,7.8,8.2,8.2,8.3,8,8,8.4,8,8.1,8,8,8.2,8,8.1,8.1,8.1
2019-10-01,7.5,7.5,7.6,7.8,7.9,8,7.9,8,7.9,8,8,8,8,8,8.1,8,8,8,8,8,8,8,8,8,7.9,7.9,7.9,8.2,8.3,8.3,8,8,8,8.1,8,8.1,8,8,8,8,7.9,7.9,7.9,7.9,7.9,8,8,7.9,8,7.8,8,8,8,7.9,7.8,8.2,8.2,8.2,8.1,8.2,8.2,8.1,7.7,7.8,7.8,7.8,7.8,7.8,7.8,7.8,7.8,7.8,7.8,7.8,7.8,7.8,NA,NA,NA,NA,NA,NA,NA,NA,NA,NA,NA,NA,NA,NA,NA,NA,NA,NA
2019-11-01,7.7,8,8,8,8,8,8,8,7.9,7.9,8,8,8,8,8.1,8,8.1,8,8,8,8,7.9,7.9,8.1,8,8,8,8,8,8,8,8,8,8,8,8,8,8,8,7.9,8,8,7.9,7.9,8,8,8,7.9,7.9,7.9,8,7.9,7.9,7.9,7.9,8.1,8.1,8.2,7.9,8.1,8.1,8.1,8,7.8,7.8,7.8,7.9,7.9,7.9,8,8,8,7.9,7.9,7.9,7.9,7.9,8,7.9,8,8,8,7.9,7.9,8,7.8,7.9,7.8,7.9,7.9,7.8,7.9,7.9,8
2019-12-01,7.8,8,8.2,8.2,8.2,8.2,8.2,8.1,8.2,8.2,8.3,8.2,8.2,8.2,8.3,8.3,8.2,8.2,8.3,8.3,8.2,8.2,8.2,8.2,8.1,8.1,8.1,8.1,8.1,8.2,8.3,8.2,8.3,8.3,8.2,8.2,8.2,8.2,8.2,8.2,8.2,8.1,8.1,8.1,8.2,8.2,8.2,8.1,8.2,8.2,8.1,8.1,8.1,8.2,8.1,8.1,8.1,8.1,8,8.1,8.1,8.1,8.1,8.1,8.1,8.1,8.1,8.1,8.1,8.1,8.1,8.1,8.2,8.1,8.1,8.1,NA,NA,NA,NA,NA,NA,NA,NA,NA,NA,NA,NA,NA,NA,NA,NA,NA,NA
2020-01-01,7.7,7.9,8.1,8.1,8.1,8.2,8.2,8.3,8.1,8.2,8.3,8.2,8.2,8.2,8.3,8.3,8.3,8.3,8.3,8.3,8.3,8.2,8.3,8.2,8.1,8.1,8.1,8.1,8.1,8.2,8.4,8.3,8.3,8.3,8.3,8.3,8.3,8.3,8.3,8.4,8.1,8,8.1,8.1,8.2,8.3,8.3,8.3,8.2,8.3,8.3,8.3,8.3,8.3,8.1,8.1,8.3,8.2,8.1,8.2,8.2,8.3,7.1,8,8.1,8,8,8,8,8,8,8,8.2,8,8.1,8.1,8.2,8.2,8,8.3,8.3,8.3,8.1,8,8.2,8,8.2,8.1,8.1,8.1,7.8,8.1,8.3,8.2
2020-02-01,NA,NA,8.2,NA,NA,NA,8.3,NA,NA,8.2,NA,NA,NA,8.2,NA,NA,NA,NA,NA,NA,NA,NA,NA,NA,NA,NA,8.2,NA,NA,NA,NA,NA,NA,NA,NA,NA,8.4,NA,NA,NA,NA,NA,NA,NA,NA,NA,NA,NA,NA,NA,NA,NA,8.3,NA,NA,NA,8.4,NA,NA,NA,NA,NA,NA,NA,NA,NA,NA,NA,8.1,NA,NA,NA,NA,8.3,NA,NA,NA,NA,NA,NA,NA,NA,NA,NA,NA,NA,NA,NA,NA,NA,NA,NA,NA,NA
2020-03-01,NA,NA,8,NA,NA,8.1,8.2,8.1,8.3,8.1,8.1,8.2,7.9,8.1,8.3,8.2,8.2,8.2,8.2,8.3,8.2,8.4,8.2,8.2,NA,NA,8,NA,NA,NA,NA,NA,NA,NA,NA,NA,8.5,NA,NA,8,NA,NA,NA,NA,NA,8.1,8.2,7.8,NA,8.1,8.3,8.2,8.2,7.9,7.7,NA,8.1,8.2,NA,8.1,NA,8.2,8.2,8.1,8,7.7,8.1,8.1,7.7,7.8,7.2,8.1,NA,8.2,NA,NA,NA,NA,NA,NA,NA,NA,NA,NA,NA,NA,NA,NA,NA,NA,NA,NA,NA,NA
2020-04-01,7.3,7.3,8,7.5,7.6,7.7,7.8,NA,NA,7.7,NA,NA,NA,7.7,NA,NA,NA,NA,NA,NA,NA,NA,NA,NA,7.7,7.7,7.7,7.4,7.7,7.7,7.6,7.7,7.5,7.6,7.6,7.7,7.7,7.7,7.7,NA,7.7,7.7,7.7,7.8,7.8,NA,NA,NA,7.6,NA,NA,NA,7.9,NA,7.6,7.7,7.6,NA,6.7,NA,7.7,NA,7.6,NA,NA,NA,7.7,7.4,7.6,NA,NA,NA,7.8,7.6,7.5,7.4,NA,NA,NA,NA,NA,NA,NA,NA,NA,NA,NA,NA,NA,NA,NA,NA,NA,NA
2020-05-01,7.4,7.8,7.8,7.8,7.5,8.1,8,8.1,8,7.9,7.9,8.1,8,8,8.1,7.9,8,8,7.9,8,7.9,8,8,8,7.8,7.8,7.8,7.8,7.7,7.8,7.9,7.9,7.9,7.9,7.8,8,8,8,7.9,7.8,7.6,7.5,7.7,7.7,7.8,7.9,7.9,7.9,7.8,8.1,7.9,7.9,7.9,7.8,7.9,7.9,7.8,7.8,7.8,7.9,7.8,7.8,7.8,7.8,7.9,7.8,7.8,7.8,7.8,7.8,7.8,7.8,8,7.8,7.8,7.8,8,7.7,7.7,7.9,7.8,7.9,7.6,7.7,7.8,7.4,7.5,7.5,7.6,7.7,7.3,7.6,8,8
2020-06-01,7.3,7.4,7.6,7.4,7.6,7.8,7.9,8,7.9,7.9,8.2,8.2,8.2,8,8.3,7.9,8.1,8.1,8.2,7.9,8.1,8.2,8.1,8.2,7.9,7.7,7.8,7.8,7.8,7.8,8.2,7.9,8.2,8.2,8.2,8.3,8.3,8.2,8.2,8,8.1,8.2,8.2,8.1,8,8.1,7.8,7.9,7.9,8,8,8.2,8.2,8.1,8,8.3,8.3,8.3,8.3,8.2,8.3,8.2,7.5,7.5,7.7,7.8,7.7,7.7,7.7,7.7,7.7,7.6,8.1,7.9,7.8,7.8,NA,NA,NA,NA,NA,NA,NA,NA,NA,7.6,NA,NA,NA,NA,NA,NA,NA,NA
2020-07-01,7.8,8,7.9,7.8,8.1,7.4,8.1,8.2,8.2,8.2,7.3,NA,NA,8.3,NA,8,NA,8.1,8,8.2,8.1,8.2,8,NA,8.2,8.2,8,7.9,8.2,8.1,8,8.1,7.9,7.9,7.9,8,8.1,8.1,8,8.5,8.1,8.4,8.3,8.3,8.2,8.5,8.2,8.2,8.2,8.3,8.3,8.5,8.5,8.5,8,NA,8,NA,NA,NA,NA,NA,8.4,8.3,NA,NA,8.2,8.3,8.4,8.5,8.3,8.3,8.1,8.1,8,8,8.1,8.1,8.3,7.9,7.9,8.1,8.3,8.4,NA,NA,NA,NA,NA,NA,NA,NA,8.3,8.3
2020-08-01,NA,NA,7.4,NA,NA,7.9,7.9,NA,NA,7.9,NA,NA,NA,7.9,NA,NA,NA,NA,NA,NA,NA,NA,NA,NA,NA,NA,7.7,NA,NA,NA,NA,NA,NA,NA,NA,NA,8.1,NA,NA,NA,NA,NA,NA,NA,NA,NA,NA,NA,NA,NA,NA,NA,7.8,NA,NA,8.2,8,7.9,8,8,8,8.1,7.8,NA,7.4,8.1,7.9,7.8,8.1,NA,NA,NA,NA,7.7,NA,NA,NA,NA,NA,NA,NA,NA,NA,NA,7.9,NA,NA,NA,NA,NA,NA,NA,NA,NA
2020-09-01,7.1,7.2,7.4,7.5,7.6,7.8,7.8,7.7,7.7,8,8.1,8,8,8,7.9,8.1,8,8,8.1,8.1,8,8.4,8,8,7.7,7.7,7.8,7.7,7.7,7.8,8.1,8,8,8.1,8,7.9,8,8,8.1,8,7.9,7.9,8,8,8,8,8,7.9,8,8.3,8,8,7.9,7.8,7.8,8.3,8.3,8.3,8.2,8.2,8.1,8.1,7.7,7.7,7.8,7.9,7.9,7.9,7.8,7.8,7.8,7.7,7.9,7.8,7.8,7.8,NA,NA,NA,NA,NA,NA,NA,NA,NA,7.7,7.8,7.7,7.8,7.8,7.5,7.8,NA,NA
2020-10-01,7.7,7.8,7.9,7.9,8,8.1,8.1,8.1,8,8.1,8.1,8.1,8.1,8,8,8.1,8.1,8.1,8.1,8.1,8.1,8,8.1,8.1,7.9,7.9,7.9,7.9,7.9,8,8,8.1,8,8.1,8,8.1,8.1,8.1,8.1,8.1,7.9,8,8,8.1,8.1,8.1,8.1,8.1,8.1,8,8.1,8.1,8.1,8.1,8,7.9,8.1,8,8,8.1,8,8.1,8,7.9,8,8,8,8,7.9,7.9,7.9,7.9,8,8,8,8,8.2,7.9,7.9,7.9,8,8.1,8,8,8,7.9,7.9,7.9,8,6.6,6.6,8,8,7.9
2020-11-01,7.2,7.6,7.8,7.8,7.9,7.9,7.9,7.8,7.8,7.9,7.9,8,8,8,7.9,7.9,8.1,8,7.95,8,7.9,7.8,8,8,7.7,7.9,7.9,7.9,7.9,7.9,8,7.95,8,8,7.9,7.9,7.8,7.8,7.9,7.9,7.7,7.8,7.9,7.9,7.9,7.9,7.9,7.8,7.9,7.8,7.9,7.9,7.9,7.9,7.8,8,8.2,8.1,8,8,8,8,7.7,7.8,7.9,7.8,7.8,7.9,7.9,7.8,7.8,7.8,7.8,7.8,7.8,7.8,7.9,7.7,7.9,7.9,7.9,7.7,7.8,7.8,8.1,7.6,7.7,7.6,7.7,7.7,7.3,7.8,7.8,7.7
2020-12-01,NA,NA,7.6,NA,NA,NA,7.7,NA,NA,7.8,NA,NA,NA,7.8,7.8,NA,NA,NA,7.9,NA,NA,NA,7.9,NA,NA,NA,7.7,NA,NA,NA,NA,7.8,NA,NA,NA,7.7,7.8,NA,NA,NA,NA,NA,NA,NA,NA,NA,NA,NA,NA,NA,NA,NA,7.7,NA,NA,NA,7.7,NA,NA,NA,NA,NA,7.8,7.7,7.7,7.7,7.8,7.8,7.8,7.8,7.8,7.9,NA,7.7,NA,NA,NA,NA,NA,NA,NA,NA,NA,NA,NA,NA,NA,NA,NA,NA,7.5,NA,NA,NA
2021-01-01,NA,NA,8,NA,NA,NA,7.8,NA,NA,7.8,NA,NA,NA,8,8.1,NA,NA,NA,NA,NA,NA,NA,NA,NA,NA,NA,8,NA,NA,NA,NA,NA,NA,NA,NA,NA,7.8,NA,NA,NA,NA,NA,NA,NA,NA,NA,NA,NA,NA,NA,NA,NA,7.8,NA,NA,NA,8,NA,NA,NA,NA,NA,NA,NA,7.8,7.8,NA,7.8,7.7,NA,NA,NA,NA,7.8,NA,NA,NA,NA,NA,NA,NA,NA,NA,NA,NA,NA,NA,NA,NA,NA,NA,NA,NA,NA
2021-02-01,7.1,7.3,7.7,7.7,7.8,7.8,7.8,7.9,7.8,7.8,7.9,7.9,7.9,7.9,8,7.9,7.9,7.9,8,8,7.9,7.8,8,7.9,7.8,8,8,8,8.1,8,7.8,7.9,7.9,7.9,7.9,7.9,7.9,7.9,7.9,7.8,8,8,8,8,8,7.9,7.9,7.8,8,7.8,7.8,7.9,7.9,7.9,7.9,7.9,7.8,8,7.9,8,8,8,7.7,7.8,7.8,7.8,7.8,7.7,7.7,7.7,7.7,7.8,7.9,7.9,7.9,7.9,NA,NA,NA,NA,NA,NA,NA,NA,NA,NA,NA,NA,NA,NA,NA,NA,NA,NA
2021-03-01,7.5,7.4,7.8,7.7,7.7,7.8,7.8,7.8,7.7,7.7,7.8,7.9,7.9,7.9,8,7.8,7.9,7.9,7.9,7.6,7.8,7.7,7.8,7.9,7.7,7.7,7.7,7.6,7.6,7.8,7.9,7.9,7.9,8.1,7.8,7.9,7.9,7.9,7.9,7.8,7.7,7.8,7.8,7.8,7.9,7.9,7.8,7.8,7.9,7.8,7.7,7.9,7.9,7.8,7.7,8,8,8,7.9,8,7.9,7.9,7.7,7.7,7.6,7.6,7.7,7.7,7.7,7.7,7.7,7.7,7.7,7.7,7.7,7.7,7.7,7.7,7.6,7.9,7.8,8,7.8,7.8,7.9,7.7,7.7,7.6,7.7,7.7,7.3,7.8,7.7,7.8
2021-04-01,7.8,7.9,7.8,7.6,7.7,7.5,7.5,7.5,7.5,7.5,7.4,7.7,7.7,7.6,7.7,7.4,7.7,7.5,7.5,7.5,7.4,7.5,7.5,7.7,7.4,7.4,7.5,7.6,7.5,7.6,7.5,7.5,7.5,7.5,7.5,7.5,7.5,7.5,7.5,7.6,7.5,7.4,7.4,7.5,7.6,7.7,7.7,7.6,7.5,7.6,7.6,7.7,7.7,7.6,7.5,7.6,7.6,7.6,7.5,7.6,7.6,7.6,7.5,7.5,7.5,7.4,7.5,7.5,7.5,7.5,7.5,7.5,7.6,7.5,7.5,7.6,NA,NA,NA,NA,NA,NA,NA,NA,NA,NA,NA,NA,NA,NA,NA,NA,NA,NA
2021-05-01,7.2,7.5,7.5,7.6,7.6,7.6,7.6,7.6,7.6,7.5,7.6,7.8,7.8,7.6,7.6,7.5,7.7,7.6,7.6,7.6,7.5,7.6,7.5,7.8,7.5,7.5,7.5,7.5,7.5,7.6,7.5,7.5,7.5,7.5,7.5,7.4,7.5,7.5,7.5,7.7,7.5,7.4,7.5,7.5,7.5,7.7,7.8,7.7,7.5,7.6,7.6,7.8,7.7,7.8,7.5,7.5,7.5,7.5,7.4,7.5,7.5,7.5,7.4,7.4,7.6,7.4,7.4,7.4,7.4,7.4,7.4,7.4,7.5,7.5,7.5,7.5,7.6,7.6,7.5,7.5,7.5,7.5,7.5,7.5,7.5,7.4,7.4,7.5,7.4,7.4,7.3,7.4,7.5,7.7
2021-06-01,7.4,7.3,7.4,7.4,7.5,7.5,7.5,7.7,7.6,7.6,7.4,7.7,7.6,7.6,7.7,7.6,7.6,7.7,7.7,7.6,7.6,7.7,7.7,7.7,7.7,7.6,7.7,7.7,7.9,7.6,7.7,7.6,7.6,7.6,7.6,7.5,7.6,7.6,7.7,7.7,7.6,7.5,7.6,7.7,7.8,7.7,7.7,7.7,7.6,7.6,7.7,7.7,7.8,7.6,7.5,7.7,7.6,7.6,7.6,7.6,7.6,7.6,7.4,7.5,7.5,7.5,7.4,7.4,7.5,7.5,7.5,7.5,7.5,7.5,7.5,7.5,7.6,7.5,7.6,7.5,7.6,7.7,7.6,7.6,7.5,7.3,7.3,7.3,7.3,7.5,7.4,7.3,7.5,6.1
2021-07-01,7.4,7.2,7.2,7.3,7.4,7.5,7.4,7.6,7.6,7.5,7.5,7.4,7.4,7.5,7.6,7.6,7.5,7.5,7.5,7.6,7.6,7.6,7.5,7.5,7.8,7.6,7.5,7.6,7.5,7.5,7.5,7.5,7.5,7.5,7.4,7.5,7.6,7.5,7.5,7.6,7.6,7.6,7.7,7.7,7.7,7.7,7.6,7.6,7.7,7.7,7.5,7.7,7.7,7.7,7.7,7.8,7.5,7.5,7.5,7.5,7.5,7.5,7.2,7.3,7.5,7.7,7.2,7.2,7.3,7.2,7.3,7.3,7.6,7.7,7.6,7.6,7.6,7.6,7.6,7.5,7.4,7.5,7.6,7.6,7.5,7.2,7.3,7.2,7.2,7.5,7.2,7.3,7.4,7.6
2021-08-01,7.1,6.9,7.1,7,7.2,7.3,7.3,7.3,7.5,7.3,7.5,7.6,7.6,7.5,7.6,7.5,7.5,7.6,7.6,7.6,7.5,7.7,7.6,7.6,7.5,7.3,7.4,7.3,7.3,7.4,7.4,7.4,7.4,7.4,7.3,7.7,7.5,7.4,7.4,7.7,7.6,7.4,7.3,7.3,7.4,7.7,7.7,7.6,7.3,7.7,7.7,7.7,7.6,7.4,7.3,7.7,7.6,7.6,7.5,7.5,7.5,7.6,7.3,7.2,7.6,7.5,7.3,7.3,7.2,7.2,7.2,7.2,7.5,7.3,7.3,7.3,NA,NA,NA,NA,NA,NA,NA,NA,NA,NA,NA,NA,NA,NA,NA,NA,NA,NA
2021-09-01,6.9,7.4,7.6,7.8,7.9,7.8,8.1,7.9,7.9,7.9,8.3,8.2,8.2,8.2,7.5,8.1,8.2,8.2,8.2,8.2,8.2,8.1,8.1,8.2,7.2,7.2,7.3,7.3,7.3,7.3,8.1,8.1,8,8.1,8,8.1,8.1,8.1,8.1,7.5,7.9,8,8.1,8,8,7.5,7.5,7.4,8,7.7,7.5,7.5,7.5,7.5,7.5,8.1,8,8.1,8.2,8.2,8.2,8.2,7.4,7.2,7.8,7.9,7.3,7.2,7.2,7.2,7.2,7.2,7.5,7.4,7.3,7.3,8,7.8,7.1,7.9,8,8,8,8,8.1,7.7,7.8,7.7,7.8,7.9,7.5,7.8,7.3,7.5
2021-10-01,7.2,7.6,7.7,7.6,7.7,7.9,7.9,8,7.8,7.9,7.9,8,8,8,8,7.9,8,8,8,7.9,7.9,7.8,8,8,7.8,7.9,7.9,7.9,7.9,8,8.1,8,8.1,8.1,8,7.9,8,8,8,8,7.8,8,7.9,8,8,8,8,8,8,7.8,7.8,8,8,8,7.9,7.9,8.1,8.1,8.1,8.2,8.2,8.2,7.8,7.9,7.9,7.9,7.9,7.9,7.9,7.9,7.9,7.9,7.9,7.9,7.9,7.9,NA,NA,NA,NA,NA,NA,NA,NA,NA,NA,NA,NA,NA,NA,NA,NA,NA,NA
2021-11-01,7,7.2,7.4,7.5,7.6,7.6,7.6,7.6,7.5,7.6,7.7,7.7,7.6,7.6,7,7.6,7.7,7.7,7.7,7.7,7.7,7.3,7.7,7.7,7.2,7.5,7.6,7.6,7.6,7.7,7.7,7.7,7.7,7.7,7.7,7.5,7.6,7.6,7.7,7.6,7.5,7.7,7.7,7.7,7.7,7.7,7.7,7.6,7.7,7.4,7.6,7.7,7.7,7.6,7.5,7.3,7.6,7.7,7.6,7.8,7.7,7.7,7.5,7.5,7.5,7.5,7.5,7.5,7.5,7.6,7.6,7.6,7.6,7.6,7.5,7.5,7.6,7.3,7.5,7.7,7.7,7,7.6,7.6,7.6,7.3,7.3,7.3,7.4,6.9,7,7.4,7.5,7.3
2021-12-01,7.5,7.8,8,7.9,7.7,7.7,7.7,7.7,7.5,7.6,7.7,7.7,7.7,7.7,7.3,7.6,7.8,7.7,7.7,7.7,7.7,7.5,7.7,7.8,7.3,7.6,7.6,7.6,7.6,7.7,7.7,7.6,7.7,7.6,7.6,6.9,7.5,7.6,7.6,7.7,7.1,7.4,7.6,7.6,7.6,7.7,7.7,7.6,7.6,7.2,7.2,7.7,7.7,7.7,7.6,6.9,7.7,7.6,7.6,7.7,7.7,7.7,6.8,7.4,7.5,7.5,7.5,7.6,7.6,7.6,7.6,7.6,7.6,7.6,7.6,7.6,NA,NA,NA,NA,NA,NA,NA,NA,NA,NA,NA,NA,NA,NA,NA,NA,NA,NA
2022-01-01,7.1,7.2,7.3,7.3,7,7.6,7.6,7.6,7.5,7.5,7.6,7.7,7.6,7.6,7.5,7.5,7.7,7.6,7.6,7.5,7.6,6.8,7.6,7.7,7,7.4,7.4,7.5,7.5,7.5,7.7,7.6,7.8,7.8,7.7,7.4,7.6,7.6,7.7,7.6,7.1,7.5,7.6,7.6,7.7,7.6,7.6,7.5,7.7,6.8,7.4,7.6,7.6,7.6,7.5,7,7.7,7.6,7.6,7.7,7.6,7.6,6.8,7.5,7.5,7.4,7.5,7.5,7.5,7.5,7.5,7.5,7.5,7.5,7.5,7.6,7.6,6.8,7.4,7.7,7.7,6.8,7.5,7.5,7.6,7.4,7.5,7.5,7.5,7.2,6.7,7.5,7.3,6.5
2022-02-01,7.1,7.2,7.3,7.5,7.5,7.5,7.5,7.4,7,7.4,7.6,7.4,7.4,7.4,7.5,7.4,7.5,7.6,7.6,7.5,7.5,7,7.6,7.5,7.4,7.5,7.3,7.5,6.9,7.5,7.4,7.4,7.4,7.4,7.4,7.4,7.3,7.4,7.4,7.5,7.3,7.4,7.4,7.4,7.4,7.6,7.5,7.4,7.4,6.9,7.1,7.6,7.5,7.6,7.4,6.8,7.4,7.3,7.4,7.5,7.5,7.5,7,7.3,7.3,7.4,7.3,7.4,7.3,7.4,7.4,7.4,7.3,7.4,7.4,7.3,NA,NA,NA,NA,NA,NA,NA,NA,NA,NA,NA,NA,NA,NA,NA,NA,NA,NA
2022-03-01,NA,NA,7.5,NA,7.6,7.6,7.6,NA,NA,7.6,NA,NA,7.8,7.8,7.7,7.6,NA,7.5,NA,7.6,NA,NA,NA,NA,7.6,NA,7.6,NA,NA,NA,NA,NA,NA,7.7,NA,NA,7.7,NA,NA,NA,NA,NA,NA,NA,7.7,NA,7.7,NA,NA,7.6,NA,NA,7.8,NA,NA,NA,7.6,7.5,NA,7.6,NA,7.6,7.6,NA,NA,NA,7.6,7.7,7.7,NA,7.6,NA,NA,7.6,7.6,NA,NA,NA,NA,NA,NA,NA,NA,NA,NA,NA,NA,NA,NA,NA,NA,NA,NA,NA
2022-04-01,7.3,7.4,7.7,7.8,7.8,7.5,7.7,7.6,7.6,7.6,8.4,8.4,8.4,8.4,8.3,8.4,8.4,8.4,8.4,8.5,8.5,8.4,8.4,8.4,7.7,7.7,7.7,7.7,7.7,7.7,7.9,7.8,7.9,7.9,7.8,7.8,7.8,7.8,7.8,8.3,7.6,7.7,7.7,7.7,7.8,8.3,8.3,8.3,7.8,7.7,8.2,8.3,8.3,8.3,7.6,8.4,8.4,8.4,8.4,8.4,8.4,8.3,8.2,8.3,8.3,8.2,8.3,8.2,8.2,8.2,8.2,8.2,7.6,7.7,7.6,7.6,NA,NA,NA,NA,NA,NA,NA,NA,NA,NA,NA,NA,NA,NA,7.7,NA,NA,NA
2022-05-01,7.5,7.6,7.8,7.9,8,8.1,8.1,8.1,8.1,8.1,8,8.2,8.2,8.2,8.1,8.1,8.2,8.1,8.1,8.2,8.1,8,8.1,8.2,8,8.1,8.1,8,8.1,8,8.1,8.2,8.2,8.2,8.1,8.1,8.2,8.2,8.2,8.1,8.2,8.2,8.3,8.3,8.2,8.1,8.1,8.1,8.2,7.9,8.1,8.1,8.1,8,8,7.9,8.1,8.1,8.1,8.2,8.2,8.2,8.1,8.1,8.1,8,8.1,8,8.1,8,8,8,8,8,8,7.9,8,8,8.1,8.1,8.1,8.1,8.2,8.3,8.1,7.9,8,7.9,8,8.1,7.7,8.1,8,7.9
2022-06-01,7.5,7.6,7.6,7.7,7.7,8,8,8.1,8,8,8.2,8.6,8.3,8.2,8,8.1,8.3,8.2,8.2,8.1,8.1,8,8.2,8.5,7.7,7.7,7.6,7.5,7.5,7.6,8,8,8,8,7.9,7.9,7.9,8,7.9,8,7.7,7.8,7.9,7.9,7.9,8,8,8,7.9,8,7.9,8.1,8.1,8.1,7.6,7.7,7.9,8,8,8,8,8.1,8,7.9,7.9,7.9,8,8,8,8,8.1,8.1,8,7.9,7.9,7.9,8,7.8,7.8,7.9,7.9,7.8,7.9,7.9,7.8,NA,NA,NA,NA,NA,NA,NA,7.9,7.8
2022-07-01,8.5,8.3,7.9,7.6,7.6,7.8,7.8,7.8,7.8,7.8,8,8.4,8.4,8.2,8,8.1,8.5,8.1,8,8.1,8.1,7.9,8.1,8.2,7.8,7.9,7.9,7.8,7.8,7.9,8.1,8.2,8.1,8.1,8.1,8,8.1,8.2,8.2,8.1,7.7,7.8,7.9,7.9,7.9,7.9,8,7.9,7.8,8.4,7.8,7.9,7.9,8,8.2,7.9,8.1,8.1,8.1,8.1,8.1,8.2,8,7.9,7.9,8.3,8.2,8.2,8.2,8.2,8.2,8.3,8.5,8.1,8.2,8,7.8,7.5,8.1,8,8,7.8,7.8,7.8,8.1,7.9,8.1,8.1,8.2,8,7.6,7.9,7.8,7.5
